Date,Name,NAV
12/01/2017,Trojan Fund X Accumulation,1
12/02/2017,Trojan Fund X Accumulation,1
12/03/2017,Trojan Fund X Accumulation,1
12/04/2017,Trojan Fund X Accumulation,1.0009
12/05/2017,Trojan Fund X Accumulation,1.0037
12/06/2017,Trojan Fund X Accumulation,1.0056
12/07/2017,Trojan Fund X Accumulation,1.0086
12/08/2017,Trojan Fund X Accumulation,1.0024
12/09/2017,Trojan Fund X Accumulation,1.0024
12/10/2017,Trojan Fund X Accumulation,1.0024
12/11/2017,Trojan Fund X Accumulation,1.0066
12/12/2017,Trojan Fund X Accumulation,1.0073
12/13/2017,Trojan Fund X Accumulation,1.0077
12/14/2017,Trojan Fund X Accumulation,1.0067
12/15/2017,Trojan Fund X Accumulation,1.0062
12/16/2017,Trojan Fund X Accumulation,1.0062
12/17/2017,Trojan Fund X Accumulation,1.0062
12/18/2017,Trojan Fund X Accumulation,1.0098
12/19/2017,Trojan Fund X Accumulation,1.0103
12/20/2017,Trojan Fund X Accumulation,1.009
12/21/2017,Trojan Fund X Accumulation,1.0081
12/22/2017,Trojan Fund X Accumulation,1.009
12/23/2017,Trojan Fund X Accumulation,1.009
12/24/2017,Trojan Fund X Accumulation,1.009
12/25/2017,Trojan Fund X Accumulation,1.009
12/26/2017,Trojan Fund X Accumulation,1.009
12/27/2017,Trojan Fund X Accumulation,1.0093
12/28/2017,Trojan Fund X Accumulation,1.0111
12/29/2017,Trojan Fund X Accumulation,1.0096
12/30/2017,Trojan Fund X Accumulation,1.0096
12/31/2017,Trojan Fund X Accumulation,1.0096
01/01/2018,Trojan Fund X Accumulation,1.0096
01/02/2018,Trojan Fund X Accumulation,1.0102
01/03/2018,Trojan Fund X Accumulation,1.0081
01/04/2018,Trojan Fund X Accumulation,1.0084
01/05/2018,Trojan Fund X Accumulation,1.0111
01/06/2018,Trojan Fund X Accumulation,1.0111
01/07/2018,Trojan Fund X Accumulation,1.0111
01/08/2018,Trojan Fund X Accumulation,1.0123
01/09/2018,Trojan Fund X Accumulation,1.0123
01/10/2018,Trojan Fund X Accumulation,1.0119
01/11/2018,Trojan Fund X Accumulation,1.0138
01/12/2018,Trojan Fund X Accumulation,1.01
01/13/2018,Trojan Fund X Accumulation,1.01
01/14/2018,Trojan Fund X Accumulation,1.01
01/15/2018,Trojan Fund X Accumulation,1.0093
01/16/2018,Trojan Fund X Accumulation,1.0097
01/17/2018,Trojan Fund X Accumulation,1.0084
01/18/2018,Trojan Fund X Accumulation,1.008
01/19/2018,Trojan Fund X Accumulation,1.0085
01/20/2018,Trojan Fund X Accumulation,1.0085
01/21/2018,Trojan Fund X Accumulation,1.0085
01/22/2018,Trojan Fund X Accumulation,1.0104
01/23/2018,Trojan Fund X Accumulation,1.0116
01/24/2018,Trojan Fund X Accumulation,1.0065
01/25/2018,Trojan Fund X Accumulation,1.0043
01/26/2018,Trojan Fund X Accumulation,1.0012
01/27/2018,Trojan Fund X Accumulation,1.0012
01/28/2018,Trojan Fund X Accumulation,1.0012
01/29/2018,Trojan Fund X Accumulation,1.0058
01/30/2018,Trojan Fund X Accumulation,1.0065
01/31/2018,Trojan Fund X Accumulation,1.0053
02/01/2018,Trojan Fund X Accumulation,1.0045
02/02/2018,Trojan Fund X Accumulation,1.0021
02/03/2018,Trojan Fund X Accumulation,1.0021
02/04/2018,Trojan Fund X Accumulation,1.0021
02/05/2018,Trojan Fund X Accumulation,0.9971
02/06/2018,Trojan Fund X Accumulation,0.9881
02/07/2018,Trojan Fund X Accumulation,0.9907
02/08/2018,Trojan Fund X Accumulation,0.9855
02/09/2018,Trojan Fund X Accumulation,0.9802
02/10/2018,Trojan Fund X Accumulation,0.9802
02/11/2018,Trojan Fund X Accumulation,0.9802
02/12/2018,Trojan Fund X Accumulation,0.9826
02/13/2018,Trojan Fund X Accumulation,0.9849
02/14/2018,Trojan Fund X Accumulation,0.9864
02/15/2018,Trojan Fund X Accumulation,0.9836
02/16/2018,Trojan Fund X Accumulation,0.9877
02/17/2018,Trojan Fund X Accumulation,0.9877
02/18/2018,Trojan Fund X Accumulation,0.9877
02/19/2018,Trojan Fund X Accumulation,0.9879
02/20/2018,Trojan Fund X Accumulation,0.9864
02/21/2018,Trojan Fund X Accumulation,0.9859
02/22/2018,Trojan Fund X Accumulation,0.9832
02/23/2018,Trojan Fund X Accumulation,0.9832
02/24/2018,Trojan Fund X Accumulation,0.9832
02/25/2018,Trojan Fund X Accumulation,0.9832
02/26/2018,Trojan Fund X Accumulation,0.9877
02/27/2018,Trojan Fund X Accumulation,0.9914
02/28/2018,Trojan Fund X Accumulation,0.9882
03/01/2018,Trojan Fund X Accumulation,0.9851
03/02/2018,Trojan Fund X Accumulation,0.983
03/03/2018,Trojan Fund X Accumulation,0.983
03/04/2018,Trojan Fund X Accumulation,0.983
03/05/2018,Trojan Fund X Accumulation,0.9829
03/06/2018,Trojan Fund X Accumulation,0.9851
03/07/2018,Trojan Fund X Accumulation,0.9858
03/08/2018,Trojan Fund X Accumulation,0.9858
03/09/2018,Trojan Fund X Accumulation,0.9895
03/10/2018,Trojan Fund X Accumulation,0.9895
03/11/2018,Trojan Fund X Accumulation,0.9895
03/12/2018,Trojan Fund X Accumulation,0.9919
03/13/2018,Trojan Fund X Accumulation,0.9897
03/14/2018,Trojan Fund X Accumulation,0.9862
03/15/2018,Trojan Fund X Accumulation,0.9842
03/16/2018,Trojan Fund X Accumulation,0.9831
03/17/2018,Trojan Fund X Accumulation,0.9831
03/18/2018,Trojan Fund X Accumulation,0.9831
03/19/2018,Trojan Fund X Accumulation,0.9779
03/20/2018,Trojan Fund X Accumulation,0.9763
03/21/2018,Trojan Fund X Accumulation,0.9733
03/22/2018,Trojan Fund X Accumulation,0.9702
03/23/2018,Trojan Fund X Accumulation,0.9697
03/24/2018,Trojan Fund X Accumulation,0.9697
03/25/2018,Trojan Fund X Accumulation,0.9697
03/26/2018,Trojan Fund X Accumulation,0.9653
03/27/2018,Trojan Fund X Accumulation,0.9726
03/28/2018,Trojan Fund X Accumulation,0.9718
03/29/2018,Trojan Fund X Accumulation,0.9768
03/30/2018,Trojan Fund X Accumulation,0.9768
03/31/2018,Trojan Fund X Accumulation,0.9768
04/01/2018,Trojan Fund X Accumulation,0.9768
04/02/2018,Trojan Fund X Accumulation,0.9768
04/03/2018,Trojan Fund X Accumulation,0.9759
04/04/2018,Trojan Fund X Accumulation,0.9785
04/05/2018,Trojan Fund X Accumulation,0.9821
04/06/2018,Trojan Fund X Accumulation,0.9852
04/07/2018,Trojan Fund X Accumulation,0.9852
04/08/2018,Trojan Fund X Accumulation,0.9852
04/09/2018,Trojan Fund X Accumulation,0.9818
04/10/2018,Trojan Fund X Accumulation,0.9816
04/11/2018,Trojan Fund X Accumulation,0.982
04/12/2018,Trojan Fund X Accumulation,0.9813
04/13/2018,Trojan Fund X Accumulation,0.9771
04/14/2018,Trojan Fund X Accumulation,0.9771
04/15/2018,Trojan Fund X Accumulation,0.9771
04/16/2018,Trojan Fund X Accumulation,0.9775
04/17/2018,Trojan Fund X Accumulation,0.9769
04/18/2018,Trojan Fund X Accumulation,0.9808
04/19/2018,Trojan Fund X Accumulation,0.9786
04/20/2018,Trojan Fund X Accumulation,0.9735
04/21/2018,Trojan Fund X Accumulation,0.9735
04/22/2018,Trojan Fund X Accumulation,0.9735
04/23/2018,Trojan Fund X Accumulation,0.9718
04/24/2018,Trojan Fund X Accumulation,0.9724
04/25/2018,Trojan Fund X Accumulation,0.9696
04/26/2018,Trojan Fund X Accumulation,0.9709
04/27/2018,Trojan Fund X Accumulation,0.9774
04/28/2018,Trojan Fund X Accumulation,0.9774
04/29/2018,Trojan Fund X Accumulation,0.9774
04/30/2018,Trojan Fund X Accumulation,0.9816
05/01/2018,Trojan Fund X Accumulation,0.9786
05/02/2018,Trojan Fund X Accumulation,0.9784
05/03/2018,Trojan Fund X Accumulation,0.9772
05/04/2018,Trojan Fund X Accumulation,0.9779
05/05/2018,Trojan Fund X Accumulation,0.9779
05/06/2018,Trojan Fund X Accumulation,0.9779
05/07/2018,Trojan Fund X Accumulation,0.9779
05/08/2018,Trojan Fund X Accumulation,0.9822
05/09/2018,Trojan Fund X Accumulation,0.9801
05/10/2018,Trojan Fund X Accumulation,0.9836
05/11/2018,Trojan Fund X Accumulation,0.9862
05/12/2018,Trojan Fund X Accumulation,0.9862
05/13/2018,Trojan Fund X Accumulation,0.9862
05/14/2018,Trojan Fund X Accumulation,0.9848
05/15/2018,Trojan Fund X Accumulation,0.9845
05/16/2018,Trojan Fund X Accumulation,0.9822
05/17/2018,Trojan Fund X Accumulation,0.9825
05/18/2018,Trojan Fund X Accumulation,0.9835
05/19/2018,Trojan Fund X Accumulation,0.9835
05/20/2018,Trojan Fund X Accumulation,0.9835
05/21/2018,Trojan Fund X Accumulation,0.9848
05/22/2018,Trojan Fund X Accumulation,0.9853
05/23/2018,Trojan Fund X Accumulation,0.9879
05/24/2018,Trojan Fund X Accumulation,0.9881
05/25/2018,Trojan Fund X Accumulation,0.99
05/26/2018,Trojan Fund X Accumulation,0.99
05/27/2018,Trojan Fund X Accumulation,0.99
05/28/2018,Trojan Fund X Accumulation,0.99
05/29/2018,Trojan Fund X Accumulation,0.9906
05/30/2018,Trojan Fund X Accumulation,0.9877
05/31/2018,Trojan Fund X Accumulation,0.9912
06/01/2018,Trojan Fund X Accumulation,0.9879
06/02/2018,Trojan Fund X Accumulation,0.9879
06/03/2018,Trojan Fund X Accumulation,0.9879
06/04/2018,Trojan Fund X Accumulation,0.9878
06/05/2018,Trojan Fund X Accumulation,0.9874
06/06/2018,Trojan Fund X Accumulation,0.985
06/07/2018,Trojan Fund X Accumulation,0.9844
06/08/2018,Trojan Fund X Accumulation,0.9855
06/09/2018,Trojan Fund X Accumulation,0.9855
06/10/2018,Trojan Fund X Accumulation,0.9855
06/11/2018,Trojan Fund X Accumulation,0.9901
06/12/2018,Trojan Fund X Accumulation,0.9902
06/13/2018,Trojan Fund X Accumulation,0.992
06/14/2018,Trojan Fund X Accumulation,0.9872
06/15/2018,Trojan Fund X Accumulation,0.9912
06/16/2018,Trojan Fund X Accumulation,0.9912
06/17/2018,Trojan Fund X Accumulation,0.9912
06/18/2018,Trojan Fund X Accumulation,0.9894
06/19/2018,Trojan Fund X Accumulation,0.9897
06/20/2018,Trojan Fund X Accumulation,0.9913
06/21/2018,Trojan Fund X Accumulation,0.9899
06/22/2018,Trojan Fund X Accumulation,0.9872
06/23/2018,Trojan Fund X Accumulation,0.9872
06/24/2018,Trojan Fund X Accumulation,0.9872
06/25/2018,Trojan Fund X Accumulation,0.9889
06/26/2018,Trojan Fund X Accumulation,0.9873
06/27/2018,Trojan Fund X Accumulation,0.9883
06/28/2018,Trojan Fund X Accumulation,0.9906
06/29/2018,Trojan Fund X Accumulation,0.9933
06/30/2018,Trojan Fund X Accumulation,0.9933
07/01/2018,Trojan Fund X Accumulation,0.9933
07/02/2018,Trojan Fund X Accumulation,0.9913
07/03/2018,Trojan Fund X Accumulation,0.9927
07/04/2018,Trojan Fund X Accumulation,0.9939
07/05/2018,Trojan Fund X Accumulation,0.9923
07/06/2018,Trojan Fund X Accumulation,0.9951
07/07/2018,Trojan Fund X Accumulation,0.9951
07/08/2018,Trojan Fund X Accumulation,0.9951
07/09/2018,Trojan Fund X Accumulation,0.9952
07/10/2018,Trojan Fund X Accumulation,0.9959
07/11/2018,Trojan Fund X Accumulation,0.9968
07/12/2018,Trojan Fund X Accumulation,0.9972
07/13/2018,Trojan Fund X Accumulation,0.9997
07/14/2018,Trojan Fund X Accumulation,0.9997
07/15/2018,Trojan Fund X Accumulation,0.9997
07/16/2018,Trojan Fund X Accumulation,0.9967
07/17/2018,Trojan Fund X Accumulation,0.9952
07/18/2018,Trojan Fund X Accumulation,1.0011
07/19/2018,Trojan Fund X Accumulation,1.0028
07/20/2018,Trojan Fund X Accumulation,1.0021
07/21/2018,Trojan Fund X Accumulation,1.0021
07/22/2018,Trojan Fund X Accumulation,1.0021
07/23/2018,Trojan Fund X Accumulation,1.0015
07/24/2018,Trojan Fund X Accumulation,1.0019
07/25/2018,Trojan Fund X Accumulation,1.0003
07/26/2018,Trojan Fund X Accumulation,1.0045
07/27/2018,Trojan Fund X Accumulation,1.0055
07/28/2018,Trojan Fund X Accumulation,1.0055
07/29/2018,Trojan Fund X Accumulation,1.0055
07/30/2018,Trojan Fund X Accumulation,1.0058
07/31/2018,Trojan Fund X Accumulation,1.0048
08/01/2018,Trojan Fund X Accumulation,1.005
08/02/2018,Trojan Fund X Accumulation,1.0042
08/03/2018,Trojan Fund X Accumulation,1.0081
08/04/2018,Trojan Fund X Accumulation,1.0081
08/05/2018,Trojan Fund X Accumulation,1.0081
08/06/2018,Trojan Fund X Accumulation,1.013
08/07/2018,Trojan Fund X Accumulation,1.014
08/08/2018,Trojan Fund X Accumulation,1.016
08/09/2018,Trojan Fund X Accumulation,1.0132
08/10/2018,Trojan Fund X Accumulation,1.0164
08/11/2018,Trojan Fund X Accumulation,1.0164
08/12/2018,Trojan Fund X Accumulation,1.0164
08/13/2018,Trojan Fund X Accumulation,1.0126
08/14/2018,Trojan Fund X Accumulation,1.0124
08/15/2018,Trojan Fund X Accumulation,1.0127
08/16/2018,Trojan Fund X Accumulation,1.0119
08/17/2018,Trojan Fund X Accumulation,1.0146
08/18/2018,Trojan Fund X Accumulation,1.0146
08/19/2018,Trojan Fund X Accumulation,1.0146
08/20/2018,Trojan Fund X Accumulation,1.0145
08/21/2018,Trojan Fund X Accumulation,1.0137
08/22/2018,Trojan Fund X Accumulation,1.0114
08/23/2018,Trojan Fund X Accumulation,1.0097
08/24/2018,Trojan Fund X Accumulation,1.0098
08/25/2018,Trojan Fund X Accumulation,1.0098
08/26/2018,Trojan Fund X Accumulation,1.0098
08/27/2018,Trojan Fund X Accumulation,1.0098
08/28/2018,Trojan Fund X Accumulation,1.0117
08/29/2018,Trojan Fund X Accumulation,1.0096
08/30/2018,Trojan Fund X Accumulation,1.0058
08/31/2018,Trojan Fund X Accumulation,1.0037
09/01/2018,Trojan Fund X Accumulation,1.0037
09/02/2018,Trojan Fund X Accumulation,1.0037
09/03/2018,Trojan Fund X Accumulation,1.0044
09/04/2018,Trojan Fund X Accumulation,1.0054
09/05/2018,Trojan Fund X Accumulation,1.0032
09/06/2018,Trojan Fund X Accumulation,1.0007
09/07/2018,Trojan Fund X Accumulation,0.9979
09/08/2018,Trojan Fund X Accumulation,0.9979
09/09/2018,Trojan Fund X Accumulation,0.9979
09/10/2018,Trojan Fund X Accumulation,0.9997
09/11/2018,Trojan Fund X Accumulation,0.9968
09/12/2018,Trojan Fund X Accumulation,0.9971
09/13/2018,Trojan Fund X Accumulation,1.0011
09/14/2018,Trojan Fund X Accumulation,1.0001
09/15/2018,Trojan Fund X Accumulation,1.0001
09/16/2018,Trojan Fund X Accumulation,1.0001
09/17/2018,Trojan Fund X Accumulation,0.9989
09/18/2018,Trojan Fund X Accumulation,0.9986
09/19/2018,Trojan Fund X Accumulation,0.9965
09/20/2018,Trojan Fund X Accumulation,0.9958
09/21/2018,Trojan Fund X Accumulation,1.0008
09/22/2018,Trojan Fund X Accumulation,1.0008
09/23/2018,Trojan Fund X Accumulation,1.0008
09/24/2018,Trojan Fund X Accumulation,1.0025
09/25/2018,Trojan Fund X Accumulation,0.9991
09/26/2018,Trojan Fund X Accumulation,0.9987
09/27/2018,Trojan Fund X Accumulation,0.9988
09/28/2018,Trojan Fund X Accumulation,1.0016
09/29/2018,Trojan Fund X Accumulation,1.0016
09/30/2018,Trojan Fund X Accumulation,1.0016
10/01/2018,Trojan Fund X Accumulation,1.0006
10/02/2018,Trojan Fund X Accumulation,1.0041
10/03/2018,Trojan Fund X Accumulation,1.0069
10/04/2018,Trojan Fund X Accumulation,1.0016
10/05/2018,Trojan Fund X Accumulation,0.9992
10/06/2018,Trojan Fund X Accumulation,0.9992
10/07/2018,Trojan Fund X Accumulation,0.9992
10/08/2018,Trojan Fund X Accumulation,0.9975
10/09/2018,Trojan Fund X Accumulation,0.9964
10/10/2018,Trojan Fund X Accumulation,0.9953
10/11/2018,Trojan Fund X Accumulation,0.9884
10/12/2018,Trojan Fund X Accumulation,0.984
10/13/2018,Trojan Fund X Accumulation,0.984
10/14/2018,Trojan Fund X Accumulation,0.984
10/15/2018,Trojan Fund X Accumulation,0.9863
10/16/2018,Trojan Fund X Accumulation,0.9875
10/17/2018,Trojan Fund X Accumulation,0.9916
10/18/2018,Trojan Fund X Accumulation,0.9916
10/19/2018,Trojan Fund X Accumulation,0.9944
10/20/2018,Trojan Fund X Accumulation,0.9944
10/21/2018,Trojan Fund X Accumulation,0.9944
10/22/2018,Trojan Fund X Accumulation,1
10/23/2018,Trojan Fund X Accumulation,1.001
10/24/2018,Trojan Fund X Accumulation,1.003
10/25/2018,Trojan Fund X Accumulation,1.0008
10/26/2018,Trojan Fund X Accumulation,1.0065
10/27/2018,Trojan Fund X Accumulation,1.0065
10/28/2018,Trojan Fund X Accumulation,1.0065
10/29/2018,Trojan Fund X Accumulation,1.0018
10/30/2018,Trojan Fund X Accumulation,1.0027
10/31/2018,Trojan Fund X Accumulation,1.0045
11/01/2018,Trojan Fund X Accumulation,1.0012
11/02/2018,Trojan Fund X Accumulation,0.9986
11/03/2018,Trojan Fund X Accumulation,0.9986
11/04/2018,Trojan Fund X Accumulation,0.9986
11/05/2018,Trojan Fund X Accumulation,1.0001
11/06/2018,Trojan Fund X Accumulation,1.0011
11/07/2018,Trojan Fund X Accumulation,1.0014
11/08/2018,Trojan Fund X Accumulation,1.0042
11/09/2018,Trojan Fund X Accumulation,1.0059
11/10/2018,Trojan Fund X Accumulation,1.0059
11/11/2018,Trojan Fund X Accumulation,1.0059
11/12/2018,Trojan Fund X Accumulation,1.0036
11/13/2018,Trojan Fund X Accumulation,0.9985
11/14/2018,Trojan Fund X Accumulation,0.9968
11/15/2018,Trojan Fund X Accumulation,1.0009
11/16/2018,Trojan Fund X Accumulation,1.0011
11/17/2018,Trojan Fund X Accumulation,1.0011
11/18/2018,Trojan Fund X Accumulation,1.0011
11/19/2018,Trojan Fund X Accumulation,1.0045
11/20/2018,Trojan Fund X Accumulation,1.0014
11/21/2018,Trojan Fund X Accumulation,0.9955
11/22/2018,Trojan Fund X Accumulation,0.9939
11/23/2018,Trojan Fund X Accumulation,0.9955
11/24/2018,Trojan Fund X Accumulation,0.9955
11/25/2018,Trojan Fund X Accumulation,0.9955
11/26/2018,Trojan Fund X Accumulation,0.9934
11/27/2018,Trojan Fund X Accumulation,0.9988
11/28/2018,Trojan Fund X Accumulation,0.9986
11/29/2018,Trojan Fund X Accumulation,1.0055
11/30/2018,Trojan Fund X Accumulation,1.0049
12/01/2018,Trojan Fund X Accumulation,1.0049
12/02/2018,Trojan Fund X Accumulation,1.0049
12/03/2018,Trojan Fund X Accumulation,1.0078
12/04/2018,Trojan Fund X Accumulation,1.0059
12/05/2018,Trojan Fund X Accumulation,1.0009
12/06/2018,Trojan Fund X Accumulation,1.0004
12/07/2018,Trojan Fund X Accumulation,0.9997
12/08/2018,Trojan Fund X Accumulation,0.9997
12/09/2018,Trojan Fund X Accumulation,0.9997
12/10/2018,Trojan Fund X Accumulation,1.0005
12/11/2018,Trojan Fund X Accumulation,1.0011
12/12/2018,Trojan Fund X Accumulation,1.0048
12/13/2018,Trojan Fund X Accumulation,1.0017
12/14/2018,Trojan Fund X Accumulation,1.0034
12/15/2018,Trojan Fund X Accumulation,1.0034
12/16/2018,Trojan Fund X Accumulation,1.0034
12/17/2018,Trojan Fund X Accumulation,0.9978
12/18/2018,Trojan Fund X Accumulation,0.9913
12/19/2018,Trojan Fund X Accumulation,0.9897
12/20/2018,Trojan Fund X Accumulation,0.9876
12/21/2018,Trojan Fund X Accumulation,0.9824
12/22/2018,Trojan Fund X Accumulation,0.9824
12/23/2018,Trojan Fund X Accumulation,0.9824
12/24/2018,Trojan Fund X Accumulation,0.9786
12/25/2018,Trojan Fund X Accumulation,0.9786
12/26/2018,Trojan Fund X Accumulation,0.9786
12/27/2018,Trojan Fund X Accumulation,0.9796
12/28/2018,Trojan Fund X Accumulation,0.983
12/29/2018,Trojan Fund X Accumulation,0.983
12/30/2018,Trojan Fund X Accumulation,0.983
12/31/2018,Trojan Fund X Accumulation,0.9811
01/01/2019,Trojan Fund X Accumulation,0.9811
01/02/2019,Trojan Fund X Accumulation,0.985
01/03/2019,Trojan Fund X Accumulation,0.9851
01/04/2019,Trojan Fund X Accumulation,0.9813
01/05/2019,Trojan Fund X Accumulation,0.9813
01/06/2019,Trojan Fund X Accumulation,0.9813
01/07/2019,Trojan Fund X Accumulation,0.9854
01/08/2019,Trojan Fund X Accumulation,0.9833
01/09/2019,Trojan Fund X Accumulation,0.986
01/10/2019,Trojan Fund X Accumulation,0.9872
01/11/2019,Trojan Fund X Accumulation,0.986
01/12/2019,Trojan Fund X Accumulation,0.986
01/13/2019,Trojan Fund X Accumulation,0.986
01/14/2019,Trojan Fund X Accumulation,0.9853
01/15/2019,Trojan Fund X Accumulation,0.9838
01/16/2019,Trojan Fund X Accumulation,0.9854
01/17/2019,Trojan Fund X Accumulation,0.9852
01/18/2019,Trojan Fund X Accumulation,0.9855
01/19/2019,Trojan Fund X Accumulation,0.9855
01/20/2019,Trojan Fund X Accumulation,0.9855
01/21/2019,Trojan Fund X Accumulation,0.9897
01/22/2019,Trojan Fund X Accumulation,0.9894
01/23/2019,Trojan Fund X Accumulation,0.9836
01/24/2019,Trojan Fund X Accumulation,0.986
01/25/2019,Trojan Fund X Accumulation,0.982
01/26/2019,Trojan Fund X Accumulation,0.982
01/27/2019,Trojan Fund X Accumulation,0.982
01/28/2019,Trojan Fund X Accumulation,0.9819
01/29/2019,Trojan Fund X Accumulation,0.9849
01/30/2019,Trojan Fund X Accumulation,0.9883
01/31/2019,Trojan Fund X Accumulation,0.9926
02/01/2019,Trojan Fund X Accumulation,0.9965
02/02/2019,Trojan Fund X Accumulation,0.9965
02/03/2019,Trojan Fund X Accumulation,0.9965
02/04/2019,Trojan Fund X Accumulation,0.9959
02/05/2019,Trojan Fund X Accumulation,0.9999
02/06/2019,Trojan Fund X Accumulation,1.0016
02/07/2019,Trojan Fund X Accumulation,1.0022
02/08/2019,Trojan Fund X Accumulation,0.9997
02/09/2019,Trojan Fund X Accumulation,0.9997
02/10/2019,Trojan Fund X Accumulation,0.9997
02/11/2019,Trojan Fund X Accumulation,1.0019
02/12/2019,Trojan Fund X Accumulation,1.0031
02/13/2019,Trojan Fund X Accumulation,1.0045
02/14/2019,Trojan Fund X Accumulation,1.0093
02/15/2019,Trojan Fund X Accumulation,1.0065
02/16/2019,Trojan Fund X Accumulation,1.0065
02/17/2019,Trojan Fund X Accumulation,1.0065
02/18/2019,Trojan Fund X Accumulation,1.0071
02/19/2019,Trojan Fund X Accumulation,1.0066
02/20/2019,Trojan Fund X Accumulation,1.007
02/21/2019,Trojan Fund X Accumulation,1.0063
02/22/2019,Trojan Fund X Accumulation,1.008
02/23/2019,Trojan Fund X Accumulation,1.008
02/24/2019,Trojan Fund X Accumulation,1.008
02/25/2019,Trojan Fund X Accumulation,1.0076
02/26/2019,Trojan Fund X Accumulation,1.0025
02/27/2019,Trojan Fund X Accumulation,0.9998
02/28/2019,Trojan Fund X Accumulation,0.9996
03/01/2019,Trojan Fund X Accumulation,1.0006
03/02/2019,Trojan Fund X Accumulation,1.0006
03/03/2019,Trojan Fund X Accumulation,1.0006
03/04/2019,Trojan Fund X Accumulation,1.001
03/05/2019,Trojan Fund X Accumulation,1.0015
03/06/2019,Trojan Fund X Accumulation,1.0034
03/07/2019,Trojan Fund X Accumulation,1.0057
03/08/2019,Trojan Fund X Accumulation,1.0062
03/09/2019,Trojan Fund X Accumulation,1.0062
03/10/2019,Trojan Fund X Accumulation,1.0062
03/11/2019,Trojan Fund X Accumulation,1.0078
03/12/2019,Trojan Fund X Accumulation,1.0106
03/13/2019,Trojan Fund X Accumulation,1.0108
03/14/2019,Trojan Fund X Accumulation,1.0106
03/15/2019,Trojan Fund X Accumulation,1.0115
03/16/2019,Trojan Fund X Accumulation,1.0115
03/17/2019,Trojan Fund X Accumulation,1.0115
03/18/2019,Trojan Fund X Accumulation,1.014
03/19/2019,Trojan Fund X Accumulation,1.0156
03/20/2019,Trojan Fund X Accumulation,1.0163
03/21/2019,Trojan Fund X Accumulation,1.0196
03/22/2019,Trojan Fund X Accumulation,1.0208
03/23/2019,Trojan Fund X Accumulation,1.0208
03/24/2019,Trojan Fund X Accumulation,1.0208
03/25/2019,Trojan Fund X Accumulation,1.0159
03/26/2019,Trojan Fund X Accumulation,1.016
03/27/2019,Trojan Fund X Accumulation,1.0178
03/28/2019,Trojan Fund X Accumulation,1.0188
03/29/2019,Trojan Fund X Accumulation,1.0191
03/30/2019,Trojan Fund X Accumulation,1.0191
03/31/2019,Trojan Fund X Accumulation,1.0191
04/01/2019,Trojan Fund X Accumulation,1.0196
04/02/2019,Trojan Fund X Accumulation,1.0228
04/03/2019,Trojan Fund X Accumulation,1.0187
04/04/2019,Trojan Fund X Accumulation,1.0187
04/05/2019,Trojan Fund X Accumulation,1.02
04/06/2019,Trojan Fund X Accumulation,1.02
04/07/2019,Trojan Fund X Accumulation,1.02
04/08/2019,Trojan Fund X Accumulation,1.022
04/09/2019,Trojan Fund X Accumulation,1.0222
04/10/2019,Trojan Fund X Accumulation,1.0222
04/11/2019,Trojan Fund X Accumulation,1.0228
04/12/2019,Trojan Fund X Accumulation,1.0203
04/13/2019,Trojan Fund X Accumulation,1.0203
04/14/2019,Trojan Fund X Accumulation,1.0203
04/15/2019,Trojan Fund X Accumulation,1.0216
04/16/2019,Trojan Fund X Accumulation,1.0224
04/17/2019,Trojan Fund X Accumulation,1.0216
04/18/2019,Trojan Fund X Accumulation,1.024
04/19/2019,Trojan Fund X Accumulation,1.024
04/20/2019,Trojan Fund X Accumulation,1.024
04/21/2019,Trojan Fund X Accumulation,1.024
04/22/2019,Trojan Fund X Accumulation,1.024
04/23/2019,Trojan Fund X Accumulation,1.0241
04/24/2019,Trojan Fund X Accumulation,1.0287
04/25/2019,Trojan Fund X Accumulation,1.0291
04/26/2019,Trojan Fund X Accumulation,1.0298
04/27/2019,Trojan Fund X Accumulation,1.0298
04/28/2019,Trojan Fund X Accumulation,1.0298
04/29/2019,Trojan Fund X Accumulation,1.0327
04/30/2019,Trojan Fund X Accumulation,1.0316
05/01/2019,Trojan Fund X Accumulation,1.0337
05/02/2019,Trojan Fund X Accumulation,1.0281
05/03/2019,Trojan Fund X Accumulation,1.027
05/04/2019,Trojan Fund X Accumulation,1.027
05/05/2019,Trojan Fund X Accumulation,1.027
05/06/2019,Trojan Fund X Accumulation,1.027
05/07/2019,Trojan Fund X Accumulation,1.0277
05/08/2019,Trojan Fund X Accumulation,1.0263
05/09/2019,Trojan Fund X Accumulation,1.0274
05/10/2019,Trojan Fund X Accumulation,1.0258
05/11/2019,Trojan Fund X Accumulation,1.0258
05/12/2019,Trojan Fund X Accumulation,1.0258
05/13/2019,Trojan Fund X Accumulation,1.0284
05/14/2019,Trojan Fund X Accumulation,1.0289
05/15/2019,Trojan Fund X Accumulation,1.0318
05/16/2019,Trojan Fund X Accumulation,1.0373
05/17/2019,Trojan Fund X Accumulation,1.0414
05/18/2019,Trojan Fund X Accumulation,1.0414
05/19/2019,Trojan Fund X Accumulation,1.0414
05/20/2019,Trojan Fund X Accumulation,1.04
05/21/2019,Trojan Fund X Accumulation,1.0413
05/22/2019,Trojan Fund X Accumulation,1.0425
05/23/2019,Trojan Fund X Accumulation,1.0423
05/24/2019,Trojan Fund X Accumulation,1.0422
05/25/2019,Trojan Fund X Accumulation,1.0422
05/26/2019,Trojan Fund X Accumulation,1.0422
05/27/2019,Trojan Fund X Accumulation,1.0422
05/28/2019,Trojan Fund X Accumulation,1.0421
05/29/2019,Trojan Fund X Accumulation,1.0379
05/30/2019,Trojan Fund X Accumulation,1.0372
05/31/2019,Trojan Fund X Accumulation,1.0414
06/01/2019,Trojan Fund X Accumulation,1.0414
06/02/2019,Trojan Fund X Accumulation,1.0414
06/03/2019,Trojan Fund X Accumulation,1.0394
06/04/2019,Trojan Fund X Accumulation,1.0401
06/05/2019,Trojan Fund X Accumulation,1.0444
06/06/2019,Trojan Fund X Accumulation,1.0492
06/07/2019,Trojan Fund X Accumulation,1.0514
06/08/2019,Trojan Fund X Accumulation,1.0514
06/09/2019,Trojan Fund X Accumulation,1.0514
06/10/2019,Trojan Fund X Accumulation,1.0557
06/11/2019,Trojan Fund X Accumulation,1.0541
06/12/2019,Trojan Fund X Accumulation,1.0539
06/13/2019,Trojan Fund X Accumulation,1.0546
06/14/2019,Trojan Fund X Accumulation,1.0564
06/15/2019,Trojan Fund X Accumulation,1.0564
06/16/2019,Trojan Fund X Accumulation,1.0564
06/17/2019,Trojan Fund X Accumulation,1.0545
06/18/2019,Trojan Fund X Accumulation,1.0591
06/19/2019,Trojan Fund X Accumulation,1.0569
06/20/2019,Trojan Fund X Accumulation,1.061
06/21/2019,Trojan Fund X Accumulation,1.065
06/22/2019,Trojan Fund X Accumulation,1.065
06/23/2019,Trojan Fund X Accumulation,1.065
06/24/2019,Trojan Fund X Accumulation,1.0654
06/25/2019,Trojan Fund X Accumulation,1.0671
06/26/2019,Trojan Fund X Accumulation,1.0644
06/27/2019,Trojan Fund X Accumulation,1.0609
06/28/2019,Trojan Fund X Accumulation,1.0631
06/29/2019,Trojan Fund X Accumulation,1.0631
06/30/2019,Trojan Fund X Accumulation,1.0631
07/01/2019,Trojan Fund X Accumulation,1.0639
07/02/2019,Trojan Fund X Accumulation,1.0673
07/03/2019,Trojan Fund X Accumulation,1.0759
07/04/2019,Trojan Fund X Accumulation,1.0767
07/05/2019,Trojan Fund X Accumulation,1.0771
07/06/2019,Trojan Fund X Accumulation,1.0771
07/07/2019,Trojan Fund X Accumulation,1.0771
07/08/2019,Trojan Fund X Accumulation,1.0756
07/09/2019,Trojan Fund X Accumulation,1.0744
07/10/2019,Trojan Fund X Accumulation,1.0733
07/11/2019,Trojan Fund X Accumulation,1.0755
07/12/2019,Trojan Fund X Accumulation,1.0756
07/13/2019,Trojan Fund X Accumulation,1.0756
07/14/2019,Trojan Fund X Accumulation,1.0756
07/15/2019,Trojan Fund X Accumulation,1.0775
07/16/2019,Trojan Fund X Accumulation,1.0793
07/17/2019,Trojan Fund X Accumulation,1.0786
07/18/2019,Trojan Fund X Accumulation,1.0775
07/19/2019,Trojan Fund X Accumulation,1.0798
07/20/2019,Trojan Fund X Accumulation,1.0798
07/21/2019,Trojan Fund X Accumulation,1.0798
07/22/2019,Trojan Fund X Accumulation,1.079
07/23/2019,Trojan Fund X Accumulation,1.0793
07/24/2019,Trojan Fund X Accumulation,1.0801
07/25/2019,Trojan Fund X Accumulation,1.0784
07/26/2019,Trojan Fund X Accumulation,1.0779
07/27/2019,Trojan Fund X Accumulation,1.0779
07/28/2019,Trojan Fund X Accumulation,1.0779
07/29/2019,Trojan Fund X Accumulation,1.0858
07/30/2019,Trojan Fund X Accumulation,1.0917
07/31/2019,Trojan Fund X Accumulation,1.09
08/01/2019,Trojan Fund X Accumulation,1.0862
08/02/2019,Trojan Fund X Accumulation,1.0895
08/03/2019,Trojan Fund X Accumulation,1.0895
08/04/2019,Trojan Fund X Accumulation,1.0895
08/05/2019,Trojan Fund X Accumulation,1.0856
08/06/2019,Trojan Fund X Accumulation,1.079
08/07/2019,Trojan Fund X Accumulation,1.0849
08/08/2019,Trojan Fund X Accumulation,1.0863
08/09/2019,Trojan Fund X Accumulation,1.095
08/10/2019,Trojan Fund X Accumulation,1.095
08/11/2019,Trojan Fund X Accumulation,1.095
08/12/2019,Trojan Fund X Accumulation,1.0936
08/13/2019,Trojan Fund X Accumulation,1.0929
08/14/2019,Trojan Fund X Accumulation,1.0948
08/15/2019,Trojan Fund X Accumulation,1.0915
08/16/2019,Trojan Fund X Accumulation,1.0906
08/17/2019,Trojan Fund X Accumulation,1.0906
08/18/2019,Trojan Fund X Accumulation,1.0906
08/19/2019,Trojan Fund X Accumulation,1.0942
08/20/2019,Trojan Fund X Accumulation,1.0995
08/21/2019,Trojan Fund X Accumulation,1.0943
08/22/2019,Trojan Fund X Accumulation,1.0931
08/23/2019,Trojan Fund X Accumulation,1.0912
08/24/2019,Trojan Fund X Accumulation,1.0912
08/25/2019,Trojan Fund X Accumulation,1.0912
08/26/2019,Trojan Fund X Accumulation,1.0912
08/27/2019,Trojan Fund X Accumulation,1.0889
08/28/2019,Trojan Fund X Accumulation,1.0904
08/29/2019,Trojan Fund X Accumulation,1.0939
08/30/2019,Trojan Fund X Accumulation,1.0956
08/31/2019,Trojan Fund X Accumulation,1.0956
09/01/2019,Trojan Fund X Accumulation,1.0956
09/02/2019,Trojan Fund X Accumulation,1.098
09/03/2019,Trojan Fund X Accumulation,1.0998
09/04/2019,Trojan Fund X Accumulation,1.0946
09/05/2019,Trojan Fund X Accumulation,1.0942
09/06/2019,Trojan Fund X Accumulation,1.0918
09/07/2019,Trojan Fund X Accumulation,1.0918
09/08/2019,Trojan Fund X Accumulation,1.0918
09/09/2019,Trojan Fund X Accumulation,1.0894
09/10/2019,Trojan Fund X Accumulation,1.0851
09/11/2019,Trojan Fund X Accumulation,1.0826
09/12/2019,Trojan Fund X Accumulation,1.087
09/13/2019,Trojan Fund X Accumulation,1.0826
09/14/2019,Trojan Fund X Accumulation,1.0826
09/15/2019,Trojan Fund X Accumulation,1.0826
09/16/2019,Trojan Fund X Accumulation,1.08
09/17/2019,Trojan Fund X Accumulation,1.0804
09/18/2019,Trojan Fund X Accumulation,1.0815
09/19/2019,Trojan Fund X Accumulation,1.0809
09/20/2019,Trojan Fund X Accumulation,1.0812
09/21/2019,Trojan Fund X Accumulation,1.0812
09/22/2019,Trojan Fund X Accumulation,1.0812
09/23/2019,Trojan Fund X Accumulation,1.0828
09/24/2019,Trojan Fund X Accumulation,1.0844
09/25/2019,Trojan Fund X Accumulation,1.0836
09/26/2019,Trojan Fund X Accumulation,1.0866
09/27/2019,Trojan Fund X Accumulation,1.0869
09/28/2019,Trojan Fund X Accumulation,1.0869
09/29/2019,Trojan Fund X Accumulation,1.0869
09/30/2019,Trojan Fund X Accumulation,1.0848
10/01/2019,Trojan Fund X Accumulation,1.0831
10/02/2019,Trojan Fund X Accumulation,1.0838
10/03/2019,Trojan Fund X Accumulation,1.0778
10/04/2019,Trojan Fund X Accumulation,1.0796
10/05/2019,Trojan Fund X Accumulation,1.0796
10/06/2019,Trojan Fund X Accumulation,1.0796
10/07/2019,Trojan Fund X Accumulation,1.0837
10/08/2019,Trojan Fund X Accumulation,1.0859
10/09/2019,Trojan Fund X Accumulation,1.0813
10/10/2019,Trojan Fund X Accumulation,1.0826
10/11/2019,Trojan Fund X Accumulation,1.0723
10/12/2019,Trojan Fund X Accumulation,1.0723
10/13/2019,Trojan Fund X Accumulation,1.0723
10/14/2019,Trojan Fund X Accumulation,1.0723
10/15/2019,Trojan Fund X Accumulation,1.0698
10/16/2019,Trojan Fund X Accumulation,1.0673
10/17/2019,Trojan Fund X Accumulation,1.0642
10/18/2019,Trojan Fund X Accumulation,1.0648
10/19/2019,Trojan Fund X Accumulation,1.0648
10/20/2019,Trojan Fund X Accumulation,1.0648
10/21/2019,Trojan Fund X Accumulation,1.0613
10/22/2019,Trojan Fund X Accumulation,1.0628
10/23/2019,Trojan Fund X Accumulation,1.0654
10/24/2019,Trojan Fund X Accumulation,1.0673
10/25/2019,Trojan Fund X Accumulation,1.0705
10/26/2019,Trojan Fund X Accumulation,1.0705
10/27/2019,Trojan Fund X Accumulation,1.0705
10/28/2019,Trojan Fund X Accumulation,1.0701
10/29/2019,Trojan Fund X Accumulation,1.0691
10/30/2019,Trojan Fund X Accumulation,1.0694
10/31/2019,Trojan Fund X Accumulation,1.0714
11/01/2019,Trojan Fund X Accumulation,1.0717
11/02/2019,Trojan Fund X Accumulation,1.0717
11/03/2019,Trojan Fund X Accumulation,1.0717
11/04/2019,Trojan Fund X Accumulation,1.0732
11/05/2019,Trojan Fund X Accumulation,1.0717
11/06/2019,Trojan Fund X Accumulation,1.0722
11/07/2019,Trojan Fund X Accumulation,1.0741
11/08/2019,Trojan Fund X Accumulation,1.073
11/09/2019,Trojan Fund X Accumulation,1.073
11/10/2019,Trojan Fund X Accumulation,1.073
11/11/2019,Trojan Fund X Accumulation,1.0726
11/12/2019,Trojan Fund X Accumulation,1.0715
11/13/2019,Trojan Fund X Accumulation,1.0744
11/14/2019,Trojan Fund X Accumulation,1.075
11/15/2019,Trojan Fund X Accumulation,1.073
11/16/2019,Trojan Fund X Accumulation,1.073
11/17/2019,Trojan Fund X Accumulation,1.073
11/18/2019,Trojan Fund X Accumulation,1.0736
11/19/2019,Trojan Fund X Accumulation,1.0756
11/20/2019,Trojan Fund X Accumulation,1.0752
11/21/2019,Trojan Fund X Accumulation,1.0743
11/22/2019,Trojan Fund X Accumulation,1.0754
11/23/2019,Trojan Fund X Accumulation,1.0754
11/24/2019,Trojan Fund X Accumulation,1.0754
11/25/2019,Trojan Fund X Accumulation,1.0745
11/26/2019,Trojan Fund X Accumulation,1.0775
11/27/2019,Trojan Fund X Accumulation,1.0794
11/28/2019,Trojan Fund X Accumulation,1.079
11/29/2019,Trojan Fund X Accumulation,1.0794
11/30/2019,Trojan Fund X Accumulation,1.0794
12/01/2019,Trojan Fund X Accumulation,1.0794
12/02/2019,Trojan Fund X Accumulation,1.0773
12/03/2019,Trojan Fund X Accumulation,1.0748
12/04/2019,Trojan Fund X Accumulation,1.0723
12/05/2019,Trojan Fund X Accumulation,1.072
12/06/2019,Trojan Fund X Accumulation,1.0734
12/07/2019,Trojan Fund X Accumulation,1.0734
12/08/2019,Trojan Fund X Accumulation,1.0734
12/09/2019,Trojan Fund X Accumulation,1.0743
12/10/2019,Trojan Fund X Accumulation,1.0728
12/11/2019,Trojan Fund X Accumulation,1.0743
12/12/2019,Trojan Fund X Accumulation,1.0758
12/13/2019,Trojan Fund X Accumulation,1.0724
12/14/2019,Trojan Fund X Accumulation,1.0724
12/15/2019,Trojan Fund X Accumulation,1.0724
12/16/2019,Trojan Fund X Accumulation,1.0779
12/17/2019,Trojan Fund X Accumulation,1.0809
12/18/2019,Trojan Fund X Accumulation,1.0835
12/19/2019,Trojan Fund X Accumulation,1.082
12/20/2019,Trojan Fund X Accumulation,1.0866
12/21/2019,Trojan Fund X Accumulation,1.0866
12/22/2019,Trojan Fund X Accumulation,1.0866
12/23/2019,Trojan Fund X Accumulation,1.0901
12/24/2019,Trojan Fund X Accumulation,1.0912
12/25/2019,Trojan Fund X Accumulation,1.0912
12/26/2019,Trojan Fund X Accumulation,1.0912
12/27/2019,Trojan Fund X Accumulation,1.0919
12/28/2019,Trojan Fund X Accumulation,1.0919
12/29/2019,Trojan Fund X Accumulation,1.0919
12/30/2019,Trojan Fund X Accumulation,1.0904
12/31/2019,Trojan Fund X Accumulation,1.0875
01/01/2020,Trojan Fund X Accumulation,1.0875
01/02/2020,Trojan Fund X Accumulation,1.0879
01/03/2020,Trojan Fund X Accumulation,1.0962
01/04/2020,Trojan Fund X Accumulation,1.0962
01/05/2020,Trojan Fund X Accumulation,1.0962
01/06/2020,Trojan Fund X Accumulation,1.0942
01/07/2020,Trojan Fund X Accumulation,1.0951
01/08/2020,Trojan Fund X Accumulation,1.0951
01/09/2020,Trojan Fund X Accumulation,1.0968
01/10/2020,Trojan Fund X Accumulation,1.099
01/11/2020,Trojan Fund X Accumulation,1.099
01/12/2020,Trojan Fund X Accumulation,1.099
01/13/2020,Trojan Fund X Accumulation,1.1018
01/14/2020,Trojan Fund X Accumulation,1.1024
01/15/2020,Trojan Fund X Accumulation,1.1029
01/16/2020,Trojan Fund X Accumulation,1.104
01/17/2020,Trojan Fund X Accumulation,1.1076
01/18/2020,Trojan Fund X Accumulation,1.1076
01/19/2020,Trojan Fund X Accumulation,1.1076
01/20/2020,Trojan Fund X Accumulation,1.1096
01/21/2020,Trojan Fund X Accumulation,1.1071
01/22/2020,Trojan Fund X Accumulation,1.1074
01/23/2020,Trojan Fund X Accumulation,1.1065
01/24/2020,Trojan Fund X Accumulation,1.1084
01/25/2020,Trojan Fund X Accumulation,1.1084
01/26/2020,Trojan Fund X Accumulation,1.1084
01/27/2020,Trojan Fund X Accumulation,1.1079
01/28/2020,Trojan Fund X Accumulation,1.1059
01/29/2020,Trojan Fund X Accumulation,1.1078
01/30/2020,Trojan Fund X Accumulation,1.1079
01/31/2020,Trojan Fund X Accumulation,1.109
02/01/2020,Trojan Fund X Accumulation,1.109
02/02/2020,Trojan Fund X Accumulation,1.109
02/03/2020,Trojan Fund X Accumulation,1.1082
02/04/2020,Trojan Fund X Accumulation,1.1123
02/05/2020,Trojan Fund X Accumulation,1.1122
02/06/2020,Trojan Fund X Accumulation,1.1185
02/07/2020,Trojan Fund X Accumulation,1.1229
02/08/2020,Trojan Fund X Accumulation,1.1229
02/09/2020,Trojan Fund X Accumulation,1.1229
02/10/2020,Trojan Fund X Accumulation,1.1223
02/11/2020,Trojan Fund X Accumulation,1.1256
02/12/2020,Trojan Fund X Accumulation,1.1218
02/13/2020,Trojan Fund X Accumulation,1.1194
02/14/2020,Trojan Fund X Accumulation,1.1199
02/15/2020,Trojan Fund X Accumulation,1.1199
02/16/2020,Trojan Fund X Accumulation,1.1199
02/17/2020,Trojan Fund X Accumulation,1.1223
02/18/2020,Trojan Fund X Accumulation,1.1221
02/19/2020,Trojan Fund X Accumulation,1.1244
02/20/2020,Trojan Fund X Accumulation,1.1293
02/21/2020,Trojan Fund X Accumulation,1.1277
02/22/2020,Trojan Fund X Accumulation,1.1277
02/23/2020,Trojan Fund X Accumulation,1.1277
02/24/2020,Trojan Fund X Accumulation,1.1216
02/25/2020,Trojan Fund X Accumulation,1.1127
02/26/2020,Trojan Fund X Accumulation,1.1047
02/27/2020,Trojan Fund X Accumulation,1.1087
02/28/2020,Trojan Fund X Accumulation,1.0885
02/29/2020,Trojan Fund X Accumulation,1.0885
03/01/2020,Trojan Fund X Accumulation,1.0885
03/02/2020,Trojan Fund X Accumulation,1.0893
03/03/2020,Trojan Fund X Accumulation,1.1063
03/04/2020,Trojan Fund X Accumulation,1.1111
03/05/2020,Trojan Fund X Accumulation,1.1162
03/06/2020,Trojan Fund X Accumulation,1.0999
03/07/2020,Trojan Fund X Accumulation,1.0999
03/08/2020,Trojan Fund X Accumulation,1.0999
03/09/2020,Trojan Fund X Accumulation,1.0802
03/10/2020,Trojan Fund X Accumulation,1.0803
03/11/2020,Trojan Fund X Accumulation,1.0766
03/12/2020,Trojan Fund X Accumulation,1.0468
03/13/2020,Trojan Fund X Accumulation,1.0473
03/14/2020,Trojan Fund X Accumulation,1.0473
03/15/2020,Trojan Fund X Accumulation,1.0473
03/16/2020,Trojan Fund X Accumulation,1.0346
03/17/2020,Trojan Fund X Accumulation,1.0199
03/18/2020,Trojan Fund X Accumulation,1.0373
03/19/2020,Trojan Fund X Accumulation,1.0281
03/20/2020,Trojan Fund X Accumulation,1.0438
03/21/2020,Trojan Fund X Accumulation,1.0438
03/22/2020,Trojan Fund X Accumulation,1.0438
03/23/2020,Trojan Fund X Accumulation,1.0182
03/24/2020,Trojan Fund X Accumulation,1.0364
03/25/2020,Trojan Fund X Accumulation,1.052
03/26/2020,Trojan Fund X Accumulation,1.0611
03/27/2020,Trojan Fund X Accumulation,1.0645
03/28/2020,Trojan Fund X Accumulation,1.0645
03/29/2020,Trojan Fund X Accumulation,1.0645
03/30/2020,Trojan Fund X Accumulation,1.0577
03/31/2020,Trojan Fund X Accumulation,1.069
04/01/2020,Trojan Fund X Accumulation,1.0552
04/02/2020,Trojan Fund X Accumulation,1.0539
04/03/2020,Trojan Fund X Accumulation,1.0698
04/04/2020,Trojan Fund X Accumulation,1.0698
04/05/2020,Trojan Fund X Accumulation,1.0698
04/06/2020,Trojan Fund X Accumulation,1.0799
04/07/2020,Trojan Fund X Accumulation,1.1028
04/08/2020,Trojan Fund X Accumulation,1.0873
04/09/2020,Trojan Fund X Accumulation,1.0932
04/10/2020,Trojan Fund X Accumulation,1.0932
04/11/2020,Trojan Fund X Accumulation,1.0932
04/12/2020,Trojan Fund X Accumulation,1.0932
04/13/2020,Trojan Fund X Accumulation,1.0932
04/14/2020,Trojan Fund X Accumulation,1.0997
04/15/2020,Trojan Fund X Accumulation,1.1135
04/16/2020,Trojan Fund X Accumulation,1.1064
04/17/2020,Trojan Fund X Accumulation,1.1154
04/18/2020,Trojan Fund X Accumulation,1.1154
04/19/2020,Trojan Fund X Accumulation,1.1154
04/20/2020,Trojan Fund X Accumulation,1.1136
04/21/2020,Trojan Fund X Accumulation,1.1092
04/22/2020,Trojan Fund X Accumulation,1.0983
04/23/2020,Trojan Fund X Accumulation,1.1067
04/24/2020,Trojan Fund X Accumulation,1.1087
04/25/2020,Trojan Fund X Accumulation,1.1087
04/26/2020,Trojan Fund X Accumulation,1.1087
04/27/2020,Trojan Fund X Accumulation,1.1104
04/28/2020,Trojan Fund X Accumulation,1.1123
04/29/2020,Trojan Fund X Accumulation,1.1124
04/30/2020,Trojan Fund X Accumulation,1.122
05/01/2020,Trojan Fund X Accumulation,1.1108
05/02/2020,Trojan Fund X Accumulation,1.1108
05/03/2020,Trojan Fund X Accumulation,1.1108
05/04/2020,Trojan Fund X Accumulation,1.1099
05/05/2020,Trojan Fund X Accumulation,1.1089
05/06/2020,Trojan Fund X Accumulation,1.1152
05/07/2020,Trojan Fund X Accumulation,1.1119
05/08/2020,Trojan Fund X Accumulation,1.1119
05/09/2020,Trojan Fund X Accumulation,1.1119
05/10/2020,Trojan Fund X Accumulation,1.1119
05/11/2020,Trojan Fund X Accumulation,1.1243
05/12/2020,Trojan Fund X Accumulation,1.1255
05/13/2020,Trojan Fund X Accumulation,1.1205
05/14/2020,Trojan Fund X Accumulation,1.1171
05/15/2020,Trojan Fund X Accumulation,1.1209
05/16/2020,Trojan Fund X Accumulation,1.1209
05/17/2020,Trojan Fund X Accumulation,1.1209
05/18/2020,Trojan Fund X Accumulation,1.1298
05/19/2020,Trojan Fund X Accumulation,1.1314
05/20/2020,Trojan Fund X Accumulation,1.1285
05/21/2020,Trojan Fund X Accumulation,1.1352
05/22/2020,Trojan Fund X Accumulation,1.1302
05/23/2020,Trojan Fund X Accumulation,1.1302
05/24/2020,Trojan Fund X Accumulation,1.1302
05/25/2020,Trojan Fund X Accumulation,1.1302
05/26/2020,Trojan Fund X Accumulation,1.1284
05/27/2020,Trojan Fund X Accumulation,1.1291
05/28/2020,Trojan Fund X Accumulation,1.1394
05/29/2020,Trojan Fund X Accumulation,1.1399
05/30/2020,Trojan Fund X Accumulation,1.1399
05/31/2020,Trojan Fund X Accumulation,1.1399
06/01/2020,Trojan Fund X Accumulation,1.1381
06/02/2020,Trojan Fund X Accumulation,1.1335
06/03/2020,Trojan Fund X Accumulation,1.1322
06/04/2020,Trojan Fund X Accumulation,1.1367
06/05/2020,Trojan Fund X Accumulation,1.1293
06/06/2020,Trojan Fund X Accumulation,1.1293
06/07/2020,Trojan Fund X Accumulation,1.1293
06/08/2020,Trojan Fund X Accumulation,1.135
06/09/2020,Trojan Fund X Accumulation,1.1389
06/10/2020,Trojan Fund X Accumulation,1.1352
06/11/2020,Trojan Fund X Accumulation,1.1408
06/12/2020,Trojan Fund X Accumulation,1.1226
06/13/2020,Trojan Fund X Accumulation,1.1226
06/14/2020,Trojan Fund X Accumulation,1.1226
06/15/2020,Trojan Fund X Accumulation,1.1195
06/16/2020,Trojan Fund X Accumulation,1.1279
06/17/2020,Trojan Fund X Accumulation,1.1376
06/18/2020,Trojan Fund X Accumulation,1.1401
06/19/2020,Trojan Fund X Accumulation,1.1476
06/20/2020,Trojan Fund X Accumulation,1.1476
06/21/2020,Trojan Fund X Accumulation,1.1476
06/22/2020,Trojan Fund X Accumulation,1.1465
06/23/2020,Trojan Fund X Accumulation,1.1472
06/24/2020,Trojan Fund X Accumulation,1.1448
06/25/2020,Trojan Fund X Accumulation,1.1377
06/26/2020,Trojan Fund X Accumulation,1.1443
06/27/2020,Trojan Fund X Accumulation,1.1443
06/28/2020,Trojan Fund X Accumulation,1.1443
06/29/2020,Trojan Fund X Accumulation,1.138
06/30/2020,Trojan Fund X Accumulation,1.1448
07/01/2020,Trojan Fund X Accumulation,1.1422
07/02/2020,Trojan Fund X Accumulation,1.1424
07/03/2020,Trojan Fund X Accumulation,1.1467
07/04/2020,Trojan Fund X Accumulation,1.1467
07/05/2020,Trojan Fund X Accumulation,1.1467
07/06/2020,Trojan Fund X Accumulation,1.1458
07/07/2020,Trojan Fund X Accumulation,1.1494
07/08/2020,Trojan Fund X Accumulation,1.1495
07/09/2020,Trojan Fund X Accumulation,1.1465
07/10/2020,Trojan Fund X Accumulation,1.1459
07/11/2020,Trojan Fund X Accumulation,1.1459
07/12/2020,Trojan Fund X Accumulation,1.1459
07/13/2020,Trojan Fund X Accumulation,1.1503
07/14/2020,Trojan Fund X Accumulation,1.1495
07/15/2020,Trojan Fund X Accumulation,1.1537
07/16/2020,Trojan Fund X Accumulation,1.1578
07/17/2020,Trojan Fund X Accumulation,1.1566
07/18/2020,Trojan Fund X Accumulation,1.1566
07/19/2020,Trojan Fund X Accumulation,1.1566
07/20/2020,Trojan Fund X Accumulation,1.1555
07/21/2020,Trojan Fund X Accumulation,1.1569
07/22/2020,Trojan Fund X Accumulation,1.1611
07/23/2020,Trojan Fund X Accumulation,1.1704
07/24/2020,Trojan Fund X Accumulation,1.1643
07/25/2020,Trojan Fund X Accumulation,1.1643
07/26/2020,Trojan Fund X Accumulation,1.1643
07/27/2020,Trojan Fund X Accumulation,1.1624
07/28/2020,Trojan Fund X Accumulation,1.1644
07/29/2020,Trojan Fund X Accumulation,1.164
07/30/2020,Trojan Fund X Accumulation,1.1646
07/31/2020,Trojan Fund X Accumulation,1.1577
08/01/2020,Trojan Fund X Accumulation,1.1577
08/02/2020,Trojan Fund X Accumulation,1.1577
08/03/2020,Trojan Fund X Accumulation,1.1599
08/04/2020,Trojan Fund X Accumulation,1.1636
08/05/2020,Trojan Fund X Accumulation,1.1643
08/06/2020,Trojan Fund X Accumulation,1.162
08/07/2020,Trojan Fund X Accumulation,1.166
08/08/2020,Trojan Fund X Accumulation,1.166
08/09/2020,Trojan Fund X Accumulation,1.166
08/10/2020,Trojan Fund X Accumulation,1.1654
08/11/2020,Trojan Fund X Accumulation,1.1619
08/12/2020,Trojan Fund X Accumulation,1.1556
08/13/2020,Trojan Fund X Accumulation,1.1607
08/14/2020,Trojan Fund X Accumulation,1.1582
08/15/2020,Trojan Fund X Accumulation,1.1582
08/16/2020,Trojan Fund X Accumulation,1.1582
08/17/2020,Trojan Fund X Accumulation,1.1584
08/18/2020,Trojan Fund X Accumulation,1.1624
08/19/2020,Trojan Fund X Accumulation,1.1623
08/20/2020,Trojan Fund X Accumulation,1.1597
08/21/2020,Trojan Fund X Accumulation,1.1603
08/22/2020,Trojan Fund X Accumulation,1.1603
08/23/2020,Trojan Fund X Accumulation,1.1603
08/24/2020,Trojan Fund X Accumulation,1.1639
08/25/2020,Trojan Fund X Accumulation,1.1647
08/26/2020,Trojan Fund X Accumulation,1.1641
08/27/2020,Trojan Fund X Accumulation,1.1698
08/28/2020,Trojan Fund X Accumulation,1.1664
08/29/2020,Trojan Fund X Accumulation,1.1664
08/30/2020,Trojan Fund X Accumulation,1.1664
08/31/2020,Trojan Fund X Accumulation,1.1664
09/01/2020,Trojan Fund X Accumulation,1.1621
09/02/2020,Trojan Fund X Accumulation,1.1668
09/03/2020,Trojan Fund X Accumulation,1.1778
09/04/2020,Trojan Fund X Accumulation,1.1627
09/05/2020,Trojan Fund X Accumulation,1.1627
09/06/2020,Trojan Fund X Accumulation,1.1627
09/07/2020,Trojan Fund X Accumulation,1.1614
09/08/2020,Trojan Fund X Accumulation,1.1652
09/09/2020,Trojan Fund X Accumulation,1.1662
09/10/2020,Trojan Fund X Accumulation,1.1723
09/11/2020,Trojan Fund X Accumulation,1.1758
09/12/2020,Trojan Fund X Accumulation,1.1758
09/13/2020,Trojan Fund X Accumulation,1.1758
09/14/2020,Trojan Fund X Accumulation,1.1736
09/15/2020,Trojan Fund X Accumulation,1.1778
09/16/2020,Trojan Fund X Accumulation,1.1773
09/17/2020,Trojan Fund X Accumulation,1.1719
09/18/2020,Trojan Fund X Accumulation,1.1696
09/19/2020,Trojan Fund X Accumulation,1.1696
09/20/2020,Trojan Fund X Accumulation,1.1696
09/21/2020,Trojan Fund X Accumulation,1.1662
09/22/2020,Trojan Fund X Accumulation,1.161
09/23/2020,Trojan Fund X Accumulation,1.1716
09/24/2020,Trojan Fund X Accumulation,1.1593
09/25/2020,Trojan Fund X Accumulation,1.1618
09/26/2020,Trojan Fund X Accumulation,1.1618
09/27/2020,Trojan Fund X Accumulation,1.1618
09/28/2020,Trojan Fund X Accumulation,1.1602
09/29/2020,Trojan Fund X Accumulation,1.1674
09/30/2020,Trojan Fund X Accumulation,1.1665
10/01/2020,Trojan Fund X Accumulation,1.1715
10/02/2020,Trojan Fund X Accumulation,1.1698
10/03/2020,Trojan Fund X Accumulation,1.1698
10/04/2020,Trojan Fund X Accumulation,1.1698
10/05/2020,Trojan Fund X Accumulation,1.1652
10/06/2020,Trojan Fund X Accumulation,1.1707
10/07/2020,Trojan Fund X Accumulation,1.1663
10/08/2020,Trojan Fund X Accumulation,1.1706
10/09/2020,Trojan Fund X Accumulation,1.1739
10/10/2020,Trojan Fund X Accumulation,1.1739
10/11/2020,Trojan Fund X Accumulation,1.1739
10/12/2020,Trojan Fund X Accumulation,1.1765
10/13/2020,Trojan Fund X Accumulation,1.1798
10/14/2020,Trojan Fund X Accumulation,1.1811
10/15/2020,Trojan Fund X Accumulation,1.1758
10/16/2020,Trojan Fund X Accumulation,1.1795
10/17/2020,Trojan Fund X Accumulation,1.1795
10/18/2020,Trojan Fund X Accumulation,1.1795
10/19/2020,Trojan Fund X Accumulation,1.1769
10/20/2020,Trojan Fund X Accumulation,1.1711
10/21/2020,Trojan Fund X Accumulation,1.165
10/22/2020,Trojan Fund X Accumulation,1.1645
10/23/2020,Trojan Fund X Accumulation,1.1686
10/24/2020,Trojan Fund X Accumulation,1.1686
10/25/2020,Trojan Fund X Accumulation,1.1686
10/26/2020,Trojan Fund X Accumulation,1.1679
10/27/2020,Trojan Fund X Accumulation,1.1605
10/28/2020,Trojan Fund X Accumulation,1.1601
10/29/2020,Trojan Fund X Accumulation,1.1435
10/30/2020,Trojan Fund X Accumulation,1.1435
10/31/2020,Trojan Fund X Accumulation,1.1435
11/01/2020,Trojan Fund X Accumulation,1.1435
11/02/2020,Trojan Fund X Accumulation,1.1494
11/03/2020,Trojan Fund X Accumulation,1.1531
11/04/2020,Trojan Fund X Accumulation,1.1615
11/05/2020,Trojan Fund X Accumulation,1.1693
11/06/2020,Trojan Fund X Accumulation,1.1733
11/07/2020,Trojan Fund X Accumulation,1.1733
11/08/2020,Trojan Fund X Accumulation,1.1733
11/09/2020,Trojan Fund X Accumulation,1.1854
11/10/2020,Trojan Fund X Accumulation,1.1735
11/11/2020,Trojan Fund X Accumulation,1.1744
11/12/2020,Trojan Fund X Accumulation,1.1805
11/13/2020,Trojan Fund X Accumulation,1.178
11/14/2020,Trojan Fund X Accumulation,1.178
11/15/2020,Trojan Fund X Accumulation,1.178
11/16/2020,Trojan Fund X Accumulation,1.1817
11/17/2020,Trojan Fund X Accumulation,1.1808
11/18/2020,Trojan Fund X Accumulation,1.177
11/19/2020,Trojan Fund X Accumulation,1.1697
11/20/2020,Trojan Fund X Accumulation,1.1703
11/21/2020,Trojan Fund X Accumulation,1.1703
11/22/2020,Trojan Fund X Accumulation,1.1703
11/23/2020,Trojan Fund X Accumulation,1.1624
11/24/2020,Trojan Fund X Accumulation,1.16
11/25/2020,Trojan Fund X Accumulation,1.167
11/26/2020,Trojan Fund X Accumulation,1.1679
11/27/2020,Trojan Fund X Accumulation,1.1688
11/28/2020,Trojan Fund X Accumulation,1.1688
11/29/2020,Trojan Fund X Accumulation,1.1688
11/30/2020,Trojan Fund X Accumulation,1.1664
12/01/2020,Trojan Fund X Accumulation,1.1689
12/02/2020,Trojan Fund X Accumulation,1.1691
12/03/2020,Trojan Fund X Accumulation,1.168
12/04/2020,Trojan Fund X Accumulation,1.1664
12/05/2020,Trojan Fund X Accumulation,1.1664
12/06/2020,Trojan Fund X Accumulation,1.1664
12/07/2020,Trojan Fund X Accumulation,1.1793
12/08/2020,Trojan Fund X Accumulation,1.1766
12/09/2020,Trojan Fund X Accumulation,1.1731
12/10/2020,Trojan Fund X Accumulation,1.1816
12/11/2020,Trojan Fund X Accumulation,1.1826
12/12/2020,Trojan Fund X Accumulation,1.1826
12/13/2020,Trojan Fund X Accumulation,1.1826
12/14/2020,Trojan Fund X Accumulation,1.1718
12/15/2020,Trojan Fund X Accumulation,1.1713
12/16/2020,Trojan Fund X Accumulation,1.1681
12/17/2020,Trojan Fund X Accumulation,1.1694
12/18/2020,Trojan Fund X Accumulation,1.1756
12/19/2020,Trojan Fund X Accumulation,1.1756
12/20/2020,Trojan Fund X Accumulation,1.1756
12/21/2020,Trojan Fund X Accumulation,1.1832
12/22/2020,Trojan Fund X Accumulation,1.176
12/23/2020,Trojan Fund X Accumulation,1.172
12/24/2020,Trojan Fund X Accumulation,1.1653
12/25/2020,Trojan Fund X Accumulation,1.1653
12/26/2020,Trojan Fund X Accumulation,1.1653
12/27/2020,Trojan Fund X Accumulation,1.1653
12/28/2020,Trojan Fund X Accumulation,1.1653
12/29/2020,Trojan Fund X Accumulation,1.1788
12/30/2020,Trojan Fund X Accumulation,1.1731
12/31/2020,Trojan Fund X Accumulation,1.1702
01/01/2021,Trojan Fund X Accumulation,1.1702
01/02/2021,Trojan Fund X Accumulation,1.1702
01/03/2021,Trojan Fund X Accumulation,1.1702
01/04/2021,Trojan Fund X Accumulation,1.1776
01/05/2021,Trojan Fund X Accumulation,1.1784
01/06/2021,Trojan Fund X Accumulation,1.175
01/07/2021,Trojan Fund X Accumulation,1.177
01/08/2021,Trojan Fund X Accumulation,1.1793
01/09/2021,Trojan Fund X Accumulation,1.1793
01/10/2021,Trojan Fund X Accumulation,1.1793
01/11/2021,Trojan Fund X Accumulation,1.1807
01/12/2021,Trojan Fund X Accumulation,1.1706
01/13/2021,Trojan Fund X Accumulation,1.1652
01/14/2021,Trojan Fund X Accumulation,1.1676
01/15/2021,Trojan Fund X Accumulation,1.1647
01/16/2021,Trojan Fund X Accumulation,1.1647
01/17/2021,Trojan Fund X Accumulation,1.1647
01/18/2021,Trojan Fund X Accumulation,1.166
01/19/2021,Trojan Fund X Accumulation,1.1637
01/20/2021,Trojan Fund X Accumulation,1.1656
01/21/2021,Trojan Fund X Accumulation,1.1734
01/22/2021,Trojan Fund X Accumulation,1.1735
01/23/2021,Trojan Fund X Accumulation,1.1735
01/24/2021,Trojan Fund X Accumulation,1.1735
01/25/2021,Trojan Fund X Accumulation,1.1712
01/26/2021,Trojan Fund X Accumulation,1.1737
01/27/2021,Trojan Fund X Accumulation,1.1715
01/28/2021,Trojan Fund X Accumulation,1.1634
01/29/2021,Trojan Fund X Accumulation,1.1669
01/30/2021,Trojan Fund X Accumulation,1.1669
01/31/2021,Trojan Fund X Accumulation,1.1669
02/01/2021,Trojan Fund X Accumulation,1.1595
02/02/2021,Trojan Fund X Accumulation,1.1666
02/03/2021,Trojan Fund X Accumulation,1.1731
02/04/2021,Trojan Fund X Accumulation,1.1741
02/05/2021,Trojan Fund X Accumulation,1.1721
02/06/2021,Trojan Fund X Accumulation,1.1721
02/07/2021,Trojan Fund X Accumulation,1.1721
02/08/2021,Trojan Fund X Accumulation,1.1753
02/09/2021,Trojan Fund X Accumulation,1.1738
02/10/2021,Trojan Fund X Accumulation,1.1717
02/11/2021,Trojan Fund X Accumulation,1.1733
02/12/2021,Trojan Fund X Accumulation,1.1747
02/13/2021,Trojan Fund X Accumulation,1.1747
02/14/2021,Trojan Fund X Accumulation,1.1747
02/15/2021,Trojan Fund X Accumulation,1.1725
02/16/2021,Trojan Fund X Accumulation,1.1714
02/17/2021,Trojan Fund X Accumulation,1.1699
02/18/2021,Trojan Fund X Accumulation,1.1645
02/19/2021,Trojan Fund X Accumulation,1.1584
02/20/2021,Trojan Fund X Accumulation,1.1584
02/21/2021,Trojan Fund X Accumulation,1.1584
02/22/2021,Trojan Fund X Accumulation,1.1505
02/23/2021,Trojan Fund X Accumulation,1.1488
02/24/2021,Trojan Fund X Accumulation,1.1476
02/25/2021,Trojan Fund X Accumulation,1.1501
02/26/2021,Trojan Fund X Accumulation,1.1469
02/27/2021,Trojan Fund X Accumulation,1.1469
02/28/2021,Trojan Fund X Accumulation,1.1469
03/01/2021,Trojan Fund X Accumulation,1.1427
03/02/2021,Trojan Fund X Accumulation,1.15
03/03/2021,Trojan Fund X Accumulation,1.1486
03/04/2021,Trojan Fund X Accumulation,1.1446
03/05/2021,Trojan Fund X Accumulation,1.145
03/06/2021,Trojan Fund X Accumulation,1.145
03/07/2021,Trojan Fund X Accumulation,1.145
03/08/2021,Trojan Fund X Accumulation,1.1531
03/09/2021,Trojan Fund X Accumulation,1.1537
03/10/2021,Trojan Fund X Accumulation,1.1575
03/11/2021,Trojan Fund X Accumulation,1.1583
03/12/2021,Trojan Fund X Accumulation,1.1621
03/13/2021,Trojan Fund X Accumulation,1.1621
03/14/2021,Trojan Fund X Accumulation,1.1621
03/15/2021,Trojan Fund X Accumulation,1.1637
03/16/2021,Trojan Fund X Accumulation,1.1668
03/17/2021,Trojan Fund X Accumulation,1.1663
03/18/2021,Trojan Fund X Accumulation,1.1633
03/19/2021,Trojan Fund X Accumulation,1.1623
03/20/2021,Trojan Fund X Accumulation,1.1623
03/21/2021,Trojan Fund X Accumulation,1.1623
03/22/2021,Trojan Fund X Accumulation,1.1591
03/23/2021,Trojan Fund X Accumulation,1.1677
03/24/2021,Trojan Fund X Accumulation,1.1683
03/25/2021,Trojan Fund X Accumulation,1.1701
03/26/2021,Trojan Fund X Accumulation,1.1657
03/27/2021,Trojan Fund X Accumulation,1.1657
03/28/2021,Trojan Fund X Accumulation,1.1657
03/29/2021,Trojan Fund X Accumulation,1.1715
03/30/2021,Trojan Fund X Accumulation,1.1737
03/31/2021,Trojan Fund X Accumulation,1.1698
04/01/2021,Trojan Fund X Accumulation,1.1709
04/02/2021,Trojan Fund X Accumulation,1.1709
04/03/2021,Trojan Fund X Accumulation,1.1709
04/04/2021,Trojan Fund X Accumulation,1.1709
04/05/2021,Trojan Fund X Accumulation,1.1709
04/06/2021,Trojan Fund X Accumulation,1.1848
04/07/2021,Trojan Fund X Accumulation,1.1883
04/08/2021,Trojan Fund X Accumulation,1.1936
04/09/2021,Trojan Fund X Accumulation,1.1982
04/10/2021,Trojan Fund X Accumulation,1.1982
04/11/2021,Trojan Fund X Accumulation,1.1982
04/12/2021,Trojan Fund X Accumulation,1.2
04/13/2021,Trojan Fund X Accumulation,1.1987
04/14/2021,Trojan Fund X Accumulation,1.2013
04/15/2021,Trojan Fund X Accumulation,1.202
04/16/2021,Trojan Fund X Accumulation,1.2104
04/17/2021,Trojan Fund X Accumulation,1.2104
04/18/2021,Trojan Fund X Accumulation,1.2104
04/19/2021,Trojan Fund X Accumulation,1.2088
04/20/2021,Trojan Fund X Accumulation,1.2022
04/21/2021,Trojan Fund X Accumulation,1.2043
04/22/2021,Trojan Fund X Accumulation,1.2127
04/23/2021,Trojan Fund X Accumulation,1.2104
04/24/2021,Trojan Fund X Accumulation,1.2104
04/25/2021,Trojan Fund X Accumulation,1.2104
04/26/2021,Trojan Fund X Accumulation,1.2118
04/27/2021,Trojan Fund X Accumulation,1.2129
04/28/2021,Trojan Fund X Accumulation,1.2134
04/29/2021,Trojan Fund X Accumulation,1.215
04/30/2021,Trojan Fund X Accumulation,1.2176
05/01/2021,Trojan Fund X Accumulation,1.2176
05/02/2021,Trojan Fund X Accumulation,1.2176
05/03/2021,Trojan Fund X Accumulation,1.2176
05/04/2021,Trojan Fund X Accumulation,1.2199
05/05/2021,Trojan Fund X Accumulation,1.2138
05/06/2021,Trojan Fund X Accumulation,1.2181
05/07/2021,Trojan Fund X Accumulation,1.2215
05/08/2021,Trojan Fund X Accumulation,1.2215
05/09/2021,Trojan Fund X Accumulation,1.2215
05/10/2021,Trojan Fund X Accumulation,1.2183
05/11/2021,Trojan Fund X Accumulation,1.2119
05/12/2021,Trojan Fund X Accumulation,1.2087
05/13/2021,Trojan Fund X Accumulation,1.2029
05/14/2021,Trojan Fund X Accumulation,1.2104
05/15/2021,Trojan Fund X Accumulation,1.2104
05/16/2021,Trojan Fund X Accumulation,1.2104
05/17/2021,Trojan Fund X Accumulation,1.2169
05/18/2021,Trojan Fund X Accumulation,1.2144
05/19/2021,Trojan Fund X Accumulation,1.2112
05/20/2021,Trojan Fund X Accumulation,1.2124
05/21/2021,Trojan Fund X Accumulation,1.2144
05/22/2021,Trojan Fund X Accumulation,1.2144
05/23/2021,Trojan Fund X Accumulation,1.2144
05/24/2021,Trojan Fund X Accumulation,1.219
05/25/2021,Trojan Fund X Accumulation,1.2243
05/26/2021,Trojan Fund X Accumulation,1.226
05/27/2021,Trojan Fund X Accumulation,1.2246
05/28/2021,Trojan Fund X Accumulation,1.22
05/29/2021,Trojan Fund X Accumulation,1.22
05/30/2021,Trojan Fund X Accumulation,1.22
05/31/2021,Trojan Fund X Accumulation,1.22
06/01/2021,Trojan Fund X Accumulation,1.2226
06/02/2021,Trojan Fund X Accumulation,1.2246
06/03/2021,Trojan Fund X Accumulation,1.2209
06/04/2021,Trojan Fund X Accumulation,1.221
06/05/2021,Trojan Fund X Accumulation,1.221
06/06/2021,Trojan Fund X Accumulation,1.221
06/07/2021,Trojan Fund X Accumulation,1.227
06/08/2021,Trojan Fund X Accumulation,1.2297
06/09/2021,Trojan Fund X Accumulation,1.2266
06/10/2021,Trojan Fund X Accumulation,1.2305
06/11/2021,Trojan Fund X Accumulation,1.2335
06/12/2021,Trojan Fund X Accumulation,1.2335
06/13/2021,Trojan Fund X Accumulation,1.2335
06/14/2021,Trojan Fund X Accumulation,1.2324
06/15/2021,Trojan Fund X Accumulation,1.2373
06/16/2021,Trojan Fund X Accumulation,1.2365
06/17/2021,Trojan Fund X Accumulation,1.2324
06/18/2021,Trojan Fund X Accumulation,1.2374
06/19/2021,Trojan Fund X Accumulation,1.2374
06/20/2021,Trojan Fund X Accumulation,1.2374
06/21/2021,Trojan Fund X Accumulation,1.2322
06/22/2021,Trojan Fund X Accumulation,1.2393
06/23/2021,Trojan Fund X Accumulation,1.2385
06/24/2021,Trojan Fund X Accumulation,1.2379
06/25/2021,Trojan Fund X Accumulation,1.2396
06/26/2021,Trojan Fund X Accumulation,1.2396
06/27/2021,Trojan Fund X Accumulation,1.2396
06/28/2021,Trojan Fund X Accumulation,1.2411
06/29/2021,Trojan Fund X Accumulation,1.2437
06/30/2021,Trojan Fund X Accumulation,1.242
07/01/2021,Trojan Fund X Accumulation,1.2448
07/02/2021,Trojan Fund X Accumulation,1.2521
07/03/2021,Trojan Fund X Accumulation,1.2521
07/04/2021,Trojan Fund X Accumulation,1.2521
07/05/2021,Trojan Fund X Accumulation,1.2526
07/06/2021,Trojan Fund X Accumulation,1.2545
07/07/2021,Trojan Fund X Accumulation,1.2568
07/08/2021,Trojan Fund X Accumulation,1.2637
07/09/2021,Trojan Fund X Accumulation,1.2537
07/10/2021,Trojan Fund X Accumulation,1.2537
07/11/2021,Trojan Fund X Accumulation,1.2537
07/12/2021,Trojan Fund X Accumulation,1.2567
07/13/2021,Trojan Fund X Accumulation,1.2585
07/14/2021,Trojan Fund X Accumulation,1.2601
07/15/2021,Trojan Fund X Accumulation,1.2649
07/16/2021,Trojan Fund X Accumulation,1.2667
07/17/2021,Trojan Fund X Accumulation,1.2667
07/18/2021,Trojan Fund X Accumulation,1.2667
07/19/2021,Trojan Fund X Accumulation,1.2692
07/20/2021,Trojan Fund X Accumulation,1.267
07/21/2021,Trojan Fund X Accumulation,1.2685
07/22/2021,Trojan Fund X Accumulation,1.2609
07/23/2021,Trojan Fund X Accumulation,1.2659
07/24/2021,Trojan Fund X Accumulation,1.2659
07/25/2021,Trojan Fund X Accumulation,1.2659
07/26/2021,Trojan Fund X Accumulation,1.2717
07/27/2021,Trojan Fund X Accumulation,1.2718
07/28/2021,Trojan Fund X Accumulation,1.2684
07/29/2021,Trojan Fund X Accumulation,1.2693
07/30/2021,Trojan Fund X Accumulation,1.2737
07/31/2021,Trojan Fund X Accumulation,1.2737
08/01/2021,Trojan Fund X Accumulation,1.2737
08/02/2021,Trojan Fund X Accumulation,1.2749
08/03/2021,Trojan Fund X Accumulation,1.2724
08/04/2021,Trojan Fund X Accumulation,1.275
08/05/2021,Trojan Fund X Accumulation,1.2718
08/06/2021,Trojan Fund X Accumulation,1.2699
08/07/2021,Trojan Fund X Accumulation,1.2699
08/08/2021,Trojan Fund X Accumulation,1.2699
08/09/2021,Trojan Fund X Accumulation,1.2666
08/10/2021,Trojan Fund X Accumulation,1.2656
08/11/2021,Trojan Fund X Accumulation,1.2658
08/12/2021,Trojan Fund X Accumulation,1.2667
08/13/2021,Trojan Fund X Accumulation,1.2713
08/14/2021,Trojan Fund X Accumulation,1.2713
08/15/2021,Trojan Fund X Accumulation,1.2713
08/16/2021,Trojan Fund X Accumulation,1.2725
08/17/2021,Trojan Fund X Accumulation,1.2804
08/18/2021,Trojan Fund X Accumulation,1.2796
08/19/2021,Trojan Fund X Accumulation,1.2755
08/20/2021,Trojan Fund X Accumulation,1.2787
08/21/2021,Trojan Fund X Accumulation,1.2787
08/22/2021,Trojan Fund X Accumulation,1.2787
08/23/2021,Trojan Fund X Accumulation,1.2803
08/24/2021,Trojan Fund X Accumulation,1.2821
08/25/2021,Trojan Fund X Accumulation,1.2824
08/26/2021,Trojan Fund X Accumulation,1.2823
08/27/2021,Trojan Fund X Accumulation,1.2826
08/28/2021,Trojan Fund X Accumulation,1.2826
08/29/2021,Trojan Fund X Accumulation,1.2826
08/30/2021,Trojan Fund X Accumulation,1.2826
08/31/2021,Trojan Fund X Accumulation,1.2873
09/01/2021,Trojan Fund X Accumulation,1.2878
09/02/2021,Trojan Fund X Accumulation,1.2869
09/03/2021,Trojan Fund X Accumulation,1.2844
09/04/2021,Trojan Fund X Accumulation,1.2844
09/05/2021,Trojan Fund X Accumulation,1.2844
09/06/2021,Trojan Fund X Accumulation,1.285
09/07/2021,Trojan Fund X Accumulation,1.2853
09/08/2021,Trojan Fund X Accumulation,1.2843
09/09/2021,Trojan Fund X Accumulation,1.2841
09/10/2021,Trojan Fund X Accumulation,1.2794
09/11/2021,Trojan Fund X Accumulation,1.2794
09/12/2021,Trojan Fund X Accumulation,1.2794
09/13/2021,Trojan Fund X Accumulation,1.2781
09/14/2021,Trojan Fund X Accumulation,1.2758
09/15/2021,Trojan Fund X Accumulation,1.2792
09/16/2021,Trojan Fund X Accumulation,1.2803
09/17/2021,Trojan Fund X Accumulation,1.2789
09/18/2021,Trojan Fund X Accumulation,1.2789
09/19/2021,Trojan Fund X Accumulation,1.2789
09/20/2021,Trojan Fund X Accumulation,1.2775
09/21/2021,Trojan Fund X Accumulation,1.275
09/22/2021,Trojan Fund X Accumulation,1.279
09/23/2021,Trojan Fund X Accumulation,1.2801
09/24/2021,Trojan Fund X Accumulation,1.2792
09/25/2021,Trojan Fund X Accumulation,1.2792
09/26/2021,Trojan Fund X Accumulation,1.2792
09/27/2021,Trojan Fund X Accumulation,1.2771
09/28/2021,Trojan Fund X Accumulation,1.2752
09/29/2021,Trojan Fund X Accumulation,1.2732
09/30/2021,Trojan Fund X Accumulation,1.2749
10/01/2021,Trojan Fund X Accumulation,1.2676
10/02/2021,Trojan Fund X Accumulation,1.2676
10/03/2021,Trojan Fund X Accumulation,1.2676
10/04/2021,Trojan Fund X Accumulation,1.2703
10/05/2021,Trojan Fund X Accumulation,1.2634
10/06/2021,Trojan Fund X Accumulation,1.2662
10/07/2021,Trojan Fund X Accumulation,1.2731
10/08/2021,Trojan Fund X Accumulation,1.2727
10/09/2021,Trojan Fund X Accumulation,1.2727
10/10/2021,Trojan Fund X Accumulation,1.2727
10/11/2021,Trojan Fund X Accumulation,1.2716
10/12/2021,Trojan Fund X Accumulation,1.2702
10/13/2021,Trojan Fund X Accumulation,1.27
10/14/2021,Trojan Fund X Accumulation,1.2717
10/15/2021,Trojan Fund X Accumulation,1.2749
10/16/2021,Trojan Fund X Accumulation,1.2749
10/17/2021,Trojan Fund X Accumulation,1.2749
10/18/2021,Trojan Fund X Accumulation,1.2778
10/19/2021,Trojan Fund X Accumulation,1.2738
10/20/2021,Trojan Fund X Accumulation,1.2801
10/21/2021,Trojan Fund X Accumulation,1.2795
10/22/2021,Trojan Fund X Accumulation,1.2817
10/23/2021,Trojan Fund X Accumulation,1.2817
10/24/2021,Trojan Fund X Accumulation,1.2817
10/25/2021,Trojan Fund X Accumulation,1.2837
10/26/2021,Trojan Fund X Accumulation,1.2819
10/27/2021,Trojan Fund X Accumulation,1.2891
10/28/2021,Trojan Fund X Accumulation,1.2902
10/29/2021,Trojan Fund X Accumulation,1.2843
10/30/2021,Trojan Fund X Accumulation,1.2843
10/31/2021,Trojan Fund X Accumulation,1.2843
11/01/2021,Trojan Fund X Accumulation,1.2922
11/02/2021,Trojan Fund X Accumulation,1.2905
11/03/2021,Trojan Fund X Accumulation,1.2931
11/04/2021,Trojan Fund X Accumulation,1.2985
11/05/2021,Trojan Fund X Accumulation,1.308
11/06/2021,Trojan Fund X Accumulation,1.308
11/07/2021,Trojan Fund X Accumulation,1.308
11/08/2021,Trojan Fund X Accumulation,1.31
11/09/2021,Trojan Fund X Accumulation,1.3122
11/10/2021,Trojan Fund X Accumulation,1.314
11/11/2021,Trojan Fund X Accumulation,1.3212
11/12/2021,Trojan Fund X Accumulation,1.3189
11/13/2021,Trojan Fund X Accumulation,1.3189
11/14/2021,Trojan Fund X Accumulation,1.3189
11/15/2021,Trojan Fund X Accumulation,1.3211
11/16/2021,Trojan Fund X Accumulation,1.322
11/17/2021,Trojan Fund X Accumulation,1.3209
11/18/2021,Trojan Fund X Accumulation,1.3177
11/19/2021,Trojan Fund X Accumulation,1.32
11/20/2021,Trojan Fund X Accumulation,1.32
11/21/2021,Trojan Fund X Accumulation,1.32
11/22/2021,Trojan Fund X Accumulation,1.3158
11/23/2021,Trojan Fund X Accumulation,1.3089
11/24/2021,Trojan Fund X Accumulation,1.3042
11/25/2021,Trojan Fund X Accumulation,1.3098
11/26/2021,Trojan Fund X Accumulation,1.3113
11/27/2021,Trojan Fund X Accumulation,1.3113
11/28/2021,Trojan Fund X Accumulation,1.3113
11/29/2021,Trojan Fund X Accumulation,1.2979
11/30/2021,Trojan Fund X Accumulation,1.3018
12/01/2021,Trojan Fund X Accumulation,1.2921
12/02/2021,Trojan Fund X Accumulation,1.2866
12/03/2021,Trojan Fund X Accumulation,1.296
12/04/2021,Trojan Fund X Accumulation,1.296
12/05/2021,Trojan Fund X Accumulation,1.296
12/06/2021,Trojan Fund X Accumulation,1.2955
12/07/2021,Trojan Fund X Accumulation,1.3042
12/08/2021,Trojan Fund X Accumulation,1.3178
12/09/2021,Trojan Fund X Accumulation,1.3194
12/10/2021,Trojan Fund X Accumulation,1.3159
12/11/2021,Trojan Fund X Accumulation,1.3159
12/12/2021,Trojan Fund X Accumulation,1.3159
12/13/2021,Trojan Fund X Accumulation,1.3179
12/14/2021,Trojan Fund X Accumulation,1.3167
12/15/2021,Trojan Fund X Accumulation,1.3072
12/16/2021,Trojan Fund X Accumulation,1.3085
12/17/2021,Trojan Fund X Accumulation,1.3098
12/18/2021,Trojan Fund X Accumulation,1.3098
12/19/2021,Trojan Fund X Accumulation,1.3098
12/20/2021,Trojan Fund X Accumulation,1.3083
