Date,Name,Close,High,Low,Open,Volume
06/30/1989,Rio Tinto PLC,4.039653036,,,,
07/31/1989,Rio Tinto PLC,4.361833953,,,,
08/31/1989,Rio Tinto PLC,4.601404378,,,,
09/30/1989,Rio Tinto PLC,4.494010739,,,,
10/31/1989,Rio Tinto PLC,4.163568773,,,,
11/30/1989,Rio Tinto PLC,4.477488641,,,,
12/31/1989,Rio Tinto PLC,4.799669558,,,,
01/31/1990,Rio Tinto PLC,4.221396117,,,,
02/28/1990,Rio Tinto PLC,4.229657166,,,,
03/31/1990,Rio Tinto PLC,4.39487815,,,,
04/30/1990,Rio Tinto PLC,4.29574556,,,,
05/31/1990,Rio Tinto PLC,4.692275919,,,,
06/30/1990,Rio Tinto PLC,4.725320116,,,,
07/31/1990,Rio Tinto PLC,4.617926477,,,,
08/31/1990,Rio Tinto PLC,3.882693102,,,,
09/30/1990,Rio Tinto PLC,3.329202809,,,,
10/31/1990,Rio Tinto PLC,3.403552251,,,,
11/30/1990,Rio Tinto PLC,3.593556382,,,,
12/31/1990,Rio Tinto PLC,3.725733168,,,,
01/31/1991,Rio Tinto PLC,3.775299463,,,,
02/28/1991,Rio Tinto PLC,4.378356051,,,,
03/31/1991,Rio Tinto PLC,4.626187526,,,,
04/30/1991,Rio Tinto PLC,4.494010739,,,,
05/31/1991,Rio Tinto PLC,4.320528707,,,,
06/30/1991,Rio Tinto PLC,4.551838083,,,,
07/31/1991,Rio Tinto PLC,4.824452705,,,,
08/31/1991,Rio Tinto PLC,4.915324246,,,,
09/30/1991,Rio Tinto PLC,4.774886411,,,,
10/31/1991,Rio Tinto PLC,4.551838083,,,,
11/30/1991,Rio Tinto PLC,4.246179265,,,,
12/31/1991,Rio Tinto PLC,3.8992152,,,,
01/31/1992,Rio Tinto PLC,4.361833953,,,,
02/29/1992,Rio Tinto PLC,4.560099133,,,,
03/31/1992,Rio Tinto PLC,4.741842214,,,,
04/30/1992,Rio Tinto PLC,5.146633622,,,,
05/31/1992,Rio Tinto PLC,5.105328377,,,,
06/30/1992,Rio Tinto PLC,5.163155721,,,,
07/31/1992,Rio Tinto PLC,4.717059067,,,,
08/31/1992,Rio Tinto PLC,4.130524577,,,,
09/30/1992,Rio Tinto PLC,5.105328377,,,,
10/31/1992,Rio Tinto PLC,5.204460967,,,,
11/30/1992,Rio Tinto PLC,5.287071458,,,,
12/31/1992,Rio Tinto PLC,5.646427096,,,,
01/31/1993,Rio Tinto PLC,5.477075589,,,,
02/28/1993,Rio Tinto PLC,5.526641884,,,,
03/31/1993,Rio Tinto PLC,5.749690211,,,,
04/30/1993,Rio Tinto PLC,5.3614209,,,,
05/31/1993,Rio Tinto PLC,5.518380834,,,,
06/30/1993,Rio Tinto PLC,5.567947129,,,,
07/31/1993,Rio Tinto PLC,5.551425031,,,,
08/31/1993,Rio Tinto PLC,6.117306898,,,,
09/30/1993,Rio Tinto PLC,5.609252375,,,,
10/31/1993,Rio Tinto PLC,5.642296572,,,,
11/30/1993,Rio Tinto PLC,5.980999587,,,,
12/31/1993,Rio Tinto PLC,6.707971912,,,,
01/31/1994,Rio Tinto PLC,7.393638992,,,,
02/28/1994,Rio Tinto PLC,7.046674928,,,,
03/31/1994,Rio Tinto PLC,6.790582404,,,,
04/30/1994,Rio Tinto PLC,7.005369682,,,,
05/31/1994,Rio Tinto PLC,6.955803387,,,,
06/30/1994,Rio Tinto PLC,6.815365551,,,,
07/31/1994,Rio Tinto PLC,7.125154895,,,,
08/31/1994,Rio Tinto PLC,7.294506402,,,,
09/30/1994,Rio Tinto PLC,7.257331681,,,,
10/31/1994,Rio Tinto PLC,7.096241223,,,,
11/30/1994,Rio Tinto PLC,6.980586534,,,,
12/31/1994,Rio Tinto PLC,6.83188765,,,,
01/31/1995,Rio Tinto PLC,6.427096241,,,,
02/28/1995,Rio Tinto PLC,6.084262701,,,,
03/31/1995,Rio Tinto PLC,6.625361421,,,,
04/30/1995,Rio Tinto PLC,6.522098306,,,,
05/31/1995,Rio Tinto PLC,6.741016109,,,,
06/30/1995,Rio Tinto PLC,6.774060306,,,,
07/31/1995,Rio Tinto PLC,7.451466336,,,,
08/31/1995,Rio Tinto PLC,7.211895911,,,,
09/30/1995,Rio Tinto PLC,7.649235853,,,,
10/31/1995,Rio Tinto PLC,7.228418009,,,,
11/30/1995,Rio Tinto PLC,7.748864106,,,,
12/31/1995,Rio Tinto PLC,7.732342007,,,,
01/31/1996,Rio Tinto PLC,7.583643123,,,,
02/29/1996,Rio Tinto PLC,7.547542338,,,,
03/31/1996,Rio Tinto PLC,7.839735646,,,,
04/30/1996,Rio Tinto PLC,8.632796365,,,,
05/31/1996,Rio Tinto PLC,8.302354399,,,,
06/30/1996,Rio Tinto PLC,7.872779843,,,,
07/31/1996,Rio Tinto PLC,7.674514663,,,,
08/31/1996,Rio Tinto PLC,7.872779843,,,,
09/30/1996,Rio Tinto PLC,8.083436596,,,,
10/31/1996,Rio Tinto PLC,8.116480793,,,,
11/30/1996,Rio Tinto PLC,8.269310202,,,,
12/31/1996,Rio Tinto PLC,7.736472532,,,,
01/31/1997,Rio Tinto PLC,7.517554729,,,,
02/28/1997,Rio Tinto PLC,7.744733581,,,,
03/31/1997,Rio Tinto PLC,7.959520859,,,,
04/30/1997,Rio Tinto PLC,8.083436596,,,,
05/31/1997,Rio Tinto PLC,8.665840562,,,,
06/30/1997,Rio Tinto PLC,8.645187939,,,,
07/31/1997,Rio Tinto PLC,8.166047088,,,,
08/31/1997,Rio Tinto PLC,8.038000826,,,,
09/30/1997,Rio Tinto PLC,8.182569186,,,,
10/31/1997,Rio Tinto PLC,6.34448575,,,,
11/30/1997,Rio Tinto PLC,5.906650145,,,,
12/31/1997,Rio Tinto PLC,6.187525816,,,,
01/31/1998,Rio Tinto PLC,6.460140438,,,,
02/28/1998,Rio Tinto PLC,6.774060306,,,,
03/31/1998,Rio Tinto PLC,6.625361421,,,,
04/30/1998,Rio Tinto PLC,7.092110698,,,,
05/31/1998,Rio Tinto PLC,6.323833127,,,,
06/30/1998,Rio Tinto PLC,5.576208178,,,,
07/31/1998,Rio Tinto PLC,5.683601817,,,,
08/31/1998,Rio Tinto PLC,4.824452705,,,,
09/30/1998,Rio Tinto PLC,5.795125981,,,,
10/31/1998,Rio Tinto PLC,5.989260636,,,,
11/30/1998,Rio Tinto PLC,5.865344899,,,,
12/31/1998,Rio Tinto PLC,5.774473358,,,,
01/31/1999,Rio Tinto PLC,6.04708798,,,,
02/28/1999,Rio Tinto PLC,6.67905824,,,,
03/31/1999,Rio Tinto PLC,7.100371747,,,,
04/30/1999,Rio Tinto PLC,8.967368856,,,,
05/31/1999,Rio Tinto PLC,7.558859975,,,,
06/30/1999,Rio Tinto PLC,8.785625774,,,,
07/31/1999,Rio Tinto PLC,9.669558034,,,,
08/31/1999,Rio Tinto PLC,9.252375052,,,,
09/30/1999,Rio Tinto PLC,8.698884758,,,,
10/31/1999,Rio Tinto PLC,8.599752169,,,,
11/30/1999,Rio Tinto PLC,10.16109046,,,,
12/31/1999,Rio Tinto PLC,12.35026848,,,,
01/31/2000,Rio Tinto PLC,9.549772821,,,,
02/29/2000,Rio Tinto PLC,7.748864106,,,,
03/31/2000,Rio Tinto PLC,8.694754234,,,,
04/30/2000,Rio Tinto PLC,8.219743907,,,,
05/31/2000,Rio Tinto PLC,8.153655514,,,,
06/30/2000,Rio Tinto PLC,8.921933086,,,,
07/31/2000,Rio Tinto PLC,8.855844692,,,,
08/31/2000,Rio Tinto PLC,9.078893019,,,,
09/30/2000,Rio Tinto PLC,8.104089219,,,,
10/31/2000,Rio Tinto PLC,9.211069806,,,,
11/30/2000,Rio Tinto PLC,8.715406857,,,,
12/31/2000,Rio Tinto PLC,9.731515903,,,,
01/31/2001,Rio Tinto PLC,9.847170591,,,,
02/28/2001,Rio Tinto PLC,10.53283767,,,,
03/31/2001,Rio Tinto PLC,10.06195787,,,,
04/30/2001,Rio Tinto PLC,11.7141677,,,,
05/31/2001,Rio Tinto PLC,11.60677406,,,,
06/30/2001,Rio Tinto PLC,10.42544403,,,,
07/31/2001,Rio Tinto PLC,9.739776952,,,,
08/31/2001,Rio Tinto PLC,10.24370095,,,,
09/30/2001,Rio Tinto PLC,8.839322594,,,,
10/31/2001,Rio Tinto PLC,9.219330855,,,,
11/30/2001,Rio Tinto PLC,10.86327964,,,,
12/31/2001,Rio Tinto PLC,10.87154069,,,,
01/31/2002,Rio Tinto PLC,11.48285832,,,,
02/28/2002,Rio Tinto PLC,11.7472119,,,,
03/31/2002,Rio Tinto PLC,11.46633622,,,,
04/30/2002,Rio Tinto PLC,10.55762082,,,,
05/31/2002,Rio Tinto PLC,10.80545229,,,,
06/30/2002,Rio Tinto PLC,9.921520033,,,,
07/31/2002,Rio Tinto PLC,9.087154069,,,,
08/31/2002,Rio Tinto PLC,9.36802974,,,,
09/30/2002,Rio Tinto PLC,8.442792235,,,,
10/31/2002,Rio Tinto PLC,9.541511772,,,,
11/30/2002,Rio Tinto PLC,10.755886,,,,
12/31/2002,Rio Tinto PLC,10.24370095,,,,
01/31/2003,Rio Tinto PLC,9.186286658,,,,
02/28/2003,Rio Tinto PLC,10.61544816,,,,
03/31/2003,Rio Tinto PLC,9.739776952,,,,
04/30/2003,Rio Tinto PLC,9.880214787,,,,
05/31/2003,Rio Tinto PLC,9.880214787,,,,
06/30/2003,Rio Tinto PLC,9.417596035,,,,
07/31/2003,Rio Tinto PLC,10.65675341,,,,
08/31/2003,Rio Tinto PLC,11.49111937,,,,
09/30/2003,Rio Tinto PLC,10.59892606,,,,
10/31/2003,Rio Tinto PLC,11.80503924,,,,
11/30/2003,Rio Tinto PLC,11.47459727,,,,
12/31/2003,Rio Tinto PLC,12.74679884,,,,
01/31/2004,Rio Tinto PLC,12.06113176,,,,
02/29/2004,Rio Tinto PLC,11.90417183,,,,
03/31/2004,Rio Tinto PLC,11.08632796,,,,
04/30/2004,Rio Tinto PLC,10.2189178,,,,
05/31/2004,Rio Tinto PLC,10.85501859,,,,
06/30/2004,Rio Tinto PLC,10.95415118,,,,
07/31/2004,Rio Tinto PLC,11.83808344,,,,
08/31/2004,Rio Tinto PLC,11.39198678,,,,
09/30/2004,Rio Tinto PLC,12.27591904,,,,
10/31/2004,Rio Tinto PLC,11.76373399,,,,
11/30/2004,Rio Tinto PLC,12.66418835,,,,
12/31/2004,Rio Tinto PLC,12.66418835,,,,
01/31/2005,Rio Tinto PLC,13.6307311,,,,
02/28/2005,Rio Tinto PLC,15.1590252,,,,
03/31/2005,Rio Tinto PLC,14.1346551,,,,
04/30/2005,Rio Tinto PLC,13.06071871,,,,
05/31/2005,Rio Tinto PLC,13.48203222,,,,
06/30/2005,Rio Tinto PLC,14.10987195,,,,
07/31/2005,Rio Tinto PLC,15.66294919,,,,
08/31/2005,Rio Tinto PLC,16.18339529,,,,
09/30/2005,Rio Tinto PLC,19.14911194,,,,
10/31/2005,Rio Tinto PLC,17.79429988,,,,
11/30/2005,Rio Tinto PLC,19.33085502,,,,
12/31/2005,Rio Tinto PLC,21.9330855,,,,
01/31/2006,Rio Tinto PLC,23.68442792,,,,
02/28/2006,Rio Tinto PLC,22.13961173,,,,
03/31/2006,Rio Tinto PLC,24.13878563,,,,
04/30/2006,Rio Tinto PLC,24.91532425,,,,
05/31/2006,Rio Tinto PLC,24.47748864,,,,
06/30/2006,Rio Tinto PLC,23.61833953,,,,
07/31/2006,Rio Tinto PLC,22.84180091,,,,
08/31/2006,Rio Tinto PLC,21.9496076,,,,
09/30/2006,Rio Tinto PLC,20.87567121,,,,
10/31/2006,Rio Tinto PLC,23.89095415,,,,
11/30/2006,Rio Tinto PLC,22.42874845,,,,
12/31/2006,Rio Tinto PLC,22.4535316,,,,
01/31/2007,Rio Tinto PLC,22.42874845,,,,
02/28/2007,Rio Tinto PLC,22.60223048,,,,
03/31/2007,Rio Tinto PLC,23.97356464,,,,
04/30/2007,Rio Tinto PLC,25.38620405,,,,
05/31/2007,Rio Tinto PLC,30.31805039,,,,
06/30/2007,Rio Tinto PLC,31.61503511,,,,
07/31/2007,Rio Tinto PLC,29.78934325,,,,
08/31/2007,Rio Tinto PLC,28.3353986,,,,
09/30/2007,Rio Tinto PLC,34.92771582,,,,
10/31/2007,Rio Tinto PLC,37.0921107,,,,
11/30/2007,Rio Tinto PLC,46.59231722,,,,
12/31/2007,Rio Tinto PLC,43.92399835,,,,
01/31/2008,Rio Tinto PLC,40.9417596,,,,
02/29/2008,Rio Tinto PLC,47.25320116,,,,
03/31/2008,Rio Tinto PLC,43.23007022,,,,
04/30/2008,Rio Tinto PLC,48.83106154,,,,
05/31/2008,Rio Tinto PLC,50.02065262,,,,
06/30/2008,Rio Tinto PLC,49.64064436,,,,
07/31/2008,Rio Tinto PLC,44.11400248,,,,
08/31/2008,Rio Tinto PLC,43.19702602,,,,
09/30/2008,Rio Tinto PLC,28.67410161,,,,
10/31/2008,Rio Tinto PLC,23.65964477,,,,
11/30/2008,Rio Tinto PLC,13.28376704,,,,
12/31/2008,Rio Tinto PLC,12.30896324,,,,
01/31/2009,Rio Tinto PLC,12.44114002,,,,
02/28/2009,Rio Tinto PLC,14.87814952,,,,
03/31/2009,Rio Tinto PLC,19.41346551,,,,
04/30/2009,Rio Tinto PLC,22.91615035,,,,
05/31/2009,Rio Tinto PLC,23.13093763,,,,
06/30/2009,Rio Tinto PLC,21.05,,,,
07/31/2009,Rio Tinto PLC,24.89,,,,
08/31/2009,Rio Tinto PLC,24.135,,,,
09/30/2009,Rio Tinto PLC,26.685,,,,
10/31/2009,Rio Tinto PLC,26.93,,,,
11/30/2009,Rio Tinto PLC,30.88,,,,
12/31/2009,Rio Tinto PLC,33.9,,,,
01/31/2010,Rio Tinto PLC,30.99,,,,
02/28/2010,Rio Tinto PLC,33.64,,,,
03/31/2010,Rio Tinto PLC,39.05,,,,
04/30/2010,Rio Tinto PLC,33.79,,,,
05/31/2010,Rio Tinto PLC,31.89,,,,
06/30/2010,Rio Tinto PLC,29.685,,,,
07/31/2010,Rio Tinto PLC,33.045,,,,
08/31/2010,Rio Tinto PLC,33,,,,
09/30/2010,Rio Tinto PLC,37.21,,,,
10/31/2010,Rio Tinto PLC,40.36,,,,
11/30/2010,Rio Tinto PLC,40.795,,,,
12/31/2010,Rio Tinto PLC,44.865,,,,
01/31/2011,Rio Tinto PLC,42.8,,,,
02/28/2011,Rio Tinto PLC,43.095,,,,
03/31/2011,Rio Tinto PLC,43.79,,,,
04/30/2011,Rio Tinto PLC,43.6,,,,
05/31/2011,Rio Tinto PLC,42.45,,,,
06/30/2011,Rio Tinto PLC,44.905,,,,
07/31/2011,Rio Tinto PLC,43,,,,
08/31/2011,Rio Tinto PLC,38.02,,,,
09/30/2011,Rio Tinto PLC,28.885,,,,
10/31/2011,Rio Tinto PLC,33.85,,,,
11/30/2011,Rio Tinto PLC,33.39,,,,
12/31/2011,Rio Tinto PLC,31.25,,,,
01/31/2012,Rio Tinto PLC,38.05,,,,
02/29/2012,Rio Tinto PLC,35.84,,,,
03/31/2012,Rio Tinto PLC,34.46,,,,
04/30/2012,Rio Tinto PLC,34.325,,,,
05/31/2012,Rio Tinto PLC,27.8,,,,
06/30/2012,Rio Tinto PLC,30.19,,,,
07/31/2012,Rio Tinto PLC,29.465,,,,
08/31/2012,Rio Tinto PLC,27.355,,,,
09/30/2012,Rio Tinto PLC,28.85,,,,
10/31/2012,Rio Tinto PLC,31.045,,,,
11/30/2012,Rio Tinto PLC,30.935,,,,
12/31/2012,Rio Tinto PLC,35.115,,,,
01/31/2013,Rio Tinto PLC,35.6,,,,
02/28/2013,Rio Tinto PLC,35.41,,,,
03/31/2013,Rio Tinto PLC,30.85,,,,
04/30/2013,Rio Tinto PLC,29.19,,,,
05/31/2013,Rio Tinto PLC,28.57,,,,
06/30/2013,Rio Tinto PLC,26.83,,,,
07/31/2013,Rio Tinto PLC,29.55,,,,
08/31/2013,Rio Tinto PLC,29.13,,,,
09/30/2013,Rio Tinto PLC,30.23,,,,
10/31/2013,Rio Tinto PLC,31.58,,,,
11/30/2013,Rio Tinto PLC,32.615,,,,
12/31/2013,Rio Tinto PLC,34.095,,,,
01/31/2014,Rio Tinto PLC,32.435,,,,
02/28/2014,Rio Tinto PLC,34.325,,,,
03/31/2014,Rio Tinto PLC,33.375,,,,
04/30/2014,Rio Tinto PLC,32.245,,,,
05/31/2014,Rio Tinto PLC,30.57,,,,
06/30/2014,Rio Tinto PLC,31.085,,,,
07/31/2014,Rio Tinto PLC,33.92,,,,
08/31/2014,Rio Tinto PLC,32.135,,,,
09/30/2014,Rio Tinto PLC,30.315,,,,
10/31/2014,Rio Tinto PLC,29.715,,,,
11/30/2014,Rio Tinto PLC,29.925,,,,
12/31/2014,Rio Tinto PLC,30,,,,
01/31/2015,Rio Tinto PLC,29.25,,,,
02/28/2015,Rio Tinto PLC,31.92,,,,
03/31/2015,Rio Tinto PLC,27.72,,,,
04/30/2015,Rio Tinto PLC,28.85,,,,
05/31/2015,Rio Tinto PLC,28.56,,,,
06/30/2015,Rio Tinto PLC,26.14,,,,
07/31/2015,Rio Tinto PLC,24.865,,,,
08/31/2015,Rio Tinto PLC,23.88,,,,
09/30/2015,Rio Tinto PLC,22.1,,,,
10/31/2015,Rio Tinto PLC,23.585,,,,
11/30/2015,Rio Tinto PLC,22.085,,,,
12/31/2015,Rio Tinto PLC,19.795,,,,
01/31/2016,Rio Tinto PLC,17.14,,,,
02/29/2016,Rio Tinto PLC,19.04,,,,
03/31/2016,Rio Tinto PLC,19.555,,,,
04/30/2016,Rio Tinto PLC,23.005,,,,
05/31/2016,Rio Tinto PLC,19.425,,,,
06/30/2016,Rio Tinto PLC,22.94,,,,
07/31/2016,Rio Tinto PLC,24.615,,,,
08/31/2016,Rio Tinto PLC,23.01,,,,
09/30/2016,Rio Tinto PLC,25.745,,,,
10/31/2016,Rio Tinto PLC,28.395,,,,
11/30/2016,Rio Tinto PLC,29.9,,,,
12/31/2016,Rio Tinto PLC,31.585,,,,
01/31/2017,Rio Tinto PLC,34.91,,,,
02/28/2017,Rio Tinto PLC,32.97,,,,
03/31/2017,Rio Tinto PLC,32.095,,,,
04/30/2017,Rio Tinto PLC,30.62,,,,
05/31/2017,Rio Tinto PLC,31.025,,,,
06/30/2017,Rio Tinto PLC,32.42,,,,
07/31/2017,Rio Tinto PLC,35.2,,,,
08/31/2017,Rio Tinto PLC,37.465,,,,
09/30/2017,Rio Tinto PLC,34.73,,,,
10/31/2017,Rio Tinto PLC,35.485,,,,
11/30/2017,Rio Tinto PLC,35.015,,,,
12/31/2017,Rio Tinto PLC,39.42,,,,
01/31/2018,Rio Tinto PLC,39.22,,,,
02/28/2018,Rio Tinto PLC,39.26,,,,
03/31/2018,Rio Tinto PLC,36.11,,,,
04/30/2018,Rio Tinto PLC,39.46,,,,
05/31/2018,Rio Tinto PLC,42.4,,,,
06/30/2018,Rio Tinto PLC,42.01,,,,
07/31/2018,Rio Tinto PLC,41.965,,,,
08/31/2018,Rio Tinto PLC,36.59,,,,
09/30/2018,Rio Tinto PLC,38.8,,,,
10/31/2018,Rio Tinto PLC,38.035,,,,
11/30/2018,Rio Tinto PLC,35.59,,,,
12/31/2018,Rio Tinto PLC,37.3,,,,
01/31/2019,Rio Tinto PLC,41.875,,,,
02/28/2019,Rio Tinto PLC,43.36,,,,
03/31/2019,Rio Tinto PLC,44.61,,,,
04/30/2019,Rio Tinto PLC,44.65,,,,
05/31/2019,Rio Tinto PLC,45.365,,,,
06/30/2019,Rio Tinto PLC,48.805,,,,
07/31/2019,Rio Tinto PLC,46.98,,,,
08/31/2019,Rio Tinto PLC,41.495,,,,
09/30/2019,Rio Tinto PLC,42.09,,,,
10/31/2019,Rio Tinto PLC,40.14,,,,
11/30/2019,Rio Tinto PLC,42.015,,,,
12/31/2019,Rio Tinto PLC,45.03,,,,
01/31/2020,Rio Tinto PLC,40.84,,,,
02/29/2020,Rio Tinto PLC,36.08,,,,
03/31/2020,Rio Tinto PLC,37.185,,,,
04/30/2020,Rio Tinto PLC,36.845,,,,
05/31/2020,Rio Tinto PLC,43.13,,,,
06/30/2020,Rio Tinto PLC,45.49,,,,
07/31/2020,Rio Tinto PLC,46.15,,,,
08/31/2020,Rio Tinto PLC,46.35,,,,
09/30/2020,Rio Tinto PLC,46.555,,,,
10/31/2020,Rio Tinto PLC,43.57,,,,
11/30/2020,Rio Tinto PLC,48.34,,,,
12/31/2020,Rio Tinto PLC,54.7,,,,
01/31/2021,Rio Tinto PLC,55.89,,,,
02/28/2021,Rio Tinto PLC,61.87,,,,
03/31/2021,Rio Tinto PLC,55.5,,,,
04/30/2021,Rio Tinto PLC,60.76,,,,
05/31/2021,Rio Tinto PLC,60.64,,,,
06/30/2021,Rio Tinto PLC,59.49,,,,
07/31/2021,Rio Tinto PLC,61.01,,,,
08/31/2021,Rio Tinto PLC,53.82,,,,
09/30/2021,Rio Tinto PLC,49.135,,,,
10/31/2021,Rio Tinto PLC,45.605,,,,
11/30/2021,Rio Tinto PLC,46.12,,,,
12/31/2021,Rio Tinto PLC,48.92,,,,
